epoch,split,total_loss,patch_cosine_loss,action_loss,patch_mse,patch_cosine_error,patch_mean_cosine_error,patch_cosine_error_by_horizon,patch_mse_by_horizon,action_mse,action_mse_by_horizon,steps,samples
1,train,0.089334,0.089334,0.000000,2.554404,0.089334,0.029633,"[0.08542929589748383, 0.09323899447917938]","[2.8421530723571777, 2.2666568756103516]",0.000000,[],1558,49843
1,val,0.045643,0.045643,0.000000,2.546319,0.045643,0.019174,"[0.04129480570554733, 0.04999108240008354]","[2.821782112121582, 2.2708566188812256]",0.000000,[],174,5539
2,train,0.054227,0.054227,0.000000,2.685916,0.054227,0.017946,"[0.05030909180641174, 0.05814497917890549]","[2.9298183917999268, 2.4420130252838135]",0.000000,[],1558,49843
2,val,0.039213,0.039213,0.000000,2.745549,0.039213,0.017185,"[0.0353582501411438, 0.043068427592515945]","[2.974165678024292, 2.516932487487793]",0.000000,[],174,5539
3,train,0.049836,0.049836,0.000000,2.829060,0.049836,0.016940,"[0.04632331058382988, 0.05334801226854324]","[3.0409748554229736, 2.617144823074341]",0.000000,[],1558,49843
3,val,0.036672,0.036672,0.000000,2.866167,0.036672,0.016716,"[0.03310749679803848, 0.04023709148168564]","[3.070289134979248, 2.662045478820801]",0.000000,[],174,5539
4,train,0.047865,0.047865,0.000000,2.915784,0.047865,0.016594,"[0.0446157231926918, 0.05111358314752579]","[3.1100971698760986, 2.7214694023132324]",0.000000,[],1558,49843
4,val,0.035328,0.035328,0.000000,2.940479,0.035328,0.016197,"[0.03193330019712448, 0.0387226864695549]","[3.129613161087036, 2.7513442039489746]",0.000000,[],174,5539
5,train,0.046723,0.046723,0.000000,2.979568,0.046723,0.016392,"[0.04364103078842163, 0.04980570450425148]","[3.1621811389923096, 2.7969563007354736]",0.000000,[],1558,49843
5,val,0.034546,0.034546,0.000000,2.995736,0.034546,0.016190,"[0.03123139776289463, 0.037861354649066925]","[3.1758012771606445, 2.815671682357788]",0.000000,[],174,5539
6,train,0.045963,0.045963,0.000000,3.028155,0.045963,0.016283,"[0.04299620911478996, 0.04892962425947189]","[3.2023422718048096, 2.85396671295166]",0.000000,[],1558,49843
6,val,0.033995,0.033995,0.000000,3.036177,0.033995,0.016138,"[0.03082783706486225, 0.0371621772646904]","[3.209083080291748, 2.8632709980010986]",0.000000,[],174,5539
7,train,0.045423,0.045423,0.000000,3.066106,0.045423,0.016225,"[0.04254470765590668, 0.04830026626586914]","[3.234224796295166, 2.8979861736297607]",0.000000,[],1558,49843
7,val,0.033553,0.033553,0.000000,3.073247,0.033553,0.015994,"[0.030470388010144234, 0.03663498908281326]","[3.2401769161224365, 2.9063165187835693]",0.000000,[],174,5539
8,train,0.045015,0.045015,0.000000,3.096296,0.045015,0.016179,"[0.042205944657325745, 0.047823142260313034]","[3.2598280906677246, 2.932766914367676]",0.000000,[],1558,49843
8,val,0.033216,0.033216,0.000000,3.101317,0.033216,0.015975,"[0.030103709548711777, 0.03632906824350357]","[3.263841152191162, 2.9387917518615723]",0.000000,[],174,5539
9,train,0.044690,0.044690,0.000000,3.123376,0.044690,0.016162,"[0.04193978011608124, 0.04744052514433861]","[3.282954692840576, 2.9638006687164307]",0.000000,[],1558,49843
9,val,0.033092,0.033092,0.000000,3.116369,0.033092,0.016476,"[0.030214805155992508, 0.03596889600157738]","[3.277712821960449, 2.955023765563965]",0.000000,[],174,5539
10,train,0.044426,0.044426,0.000000,3.147525,0.044426,0.016163,"[0.04171758145093918, 0.04713480547070503]","[3.303868293762207, 2.991182327270508]",0.000000,[],1558,49843
10,val,0.032848,0.032848,0.000000,3.153109,0.032848,0.015982,"[0.02967171184718609, 0.036023832857608795]","[3.308593988418579, 2.9976234436035156]",0.000000,[],174,5539
11,train,0.044192,0.044192,0.000000,3.169836,0.044192,0.016159,"[0.04152406379580498, 0.046860892325639725]","[3.323188304901123, 3.016484022140503]",0.000000,[],1558,49843
11,val,0.032612,0.032612,0.000000,3.169317,0.032612,0.016005,"[0.029547370970249176, 0.035677265375852585]","[3.3225924968719482, 3.016040802001953]",0.000000,[],174,5539
12,train,0.043997,0.043997,0.000000,3.190052,0.043997,0.016176,"[0.04136550426483154, 0.04662870243191719]","[3.340867280960083, 3.039236068725586]",0.000000,[],1558,49843
12,val,0.032513,0.032513,0.000000,3.193613,0.032513,0.015833,"[0.029717542231082916, 0.03530799597501755]","[3.3443195819854736, 3.0429069995880127]",0.000000,[],174,5539
13,train,0.043828,0.043828,0.000000,3.208670,0.043828,0.016231,"[0.04122871905565262, 0.04642714932560921]","[3.3573451042175293, 3.0599918365478516]",0.000000,[],1558,49843
13,val,0.032500,0.032500,0.000000,3.201343,0.032500,0.016601,"[0.029562601819634438, 0.035437360405921936]","[3.351484537124634, 3.0512022972106934]",0.000000,[],174,5539
14,train,0.043687,0.043687,0.000000,3.227520,0.043687,0.016275,"[0.041112545877695084, 0.04626183956861496]","[3.3742244243621826, 3.0808205604553223]",0.000000,[],1558,49843
14,val,0.032295,0.032295,0.000000,3.230291,0.032295,0.016481,"[0.02947831153869629, 0.03511166572570801]","[3.3768093585968018, 3.083773612976074]",0.000000,[],174,5539
15,train,0.043538,0.043538,0.000000,3.247184,0.043538,0.016338,"[0.04098695516586304, 0.04608864337205887]","[3.3917627334594727, 3.1026058197021484]",0.000000,[],1558,49843
15,val,0.032040,0.032040,0.000000,3.255056,0.032040,0.016254,"[0.029118020087480545, 0.03496182709932327]","[3.3982932567596436, 3.111818313598633]",0.000000,[],174,5539
16,train,0.043420,0.043420,0.000000,3.265384,0.043420,0.016428,"[0.04089405760169029, 0.04594680666923523]","[3.4080810546875, 3.122689962387085]",0.000000,[],1558,49843
16,val,0.032053,0.032053,0.000000,3.265343,0.032053,0.016215,"[0.029151558876037598, 0.034953657537698746]","[3.4086763858795166, 3.1220104694366455]",0.000000,[],174,5539
17,train,0.043309,0.043309,0.000000,3.283939,0.043309,0.016501,"[0.0408012717962265, 0.04581664130091667]","[3.424830198287964, 3.14304780960083]",0.000000,[],1558,49843
17,val,0.031986,0.031986,0.000000,3.286666,0.031986,0.016765,"[0.029057353734970093, 0.034914422780275345]","[3.427584409713745, 3.1457464694976807]",0.000000,[],174,5539
18,train,0.043211,0.043211,0.000000,3.304308,0.043211,0.016617,"[0.04072095453739166, 0.04570066183805466]","[3.4432241916656494, 3.165390968322754]",0.000000,[],1558,49843
18,val,0.031986,0.031986,0.000000,3.303460,0.031986,0.016669,"[0.029191501438617706, 0.03478038311004639]","[3.4436194896698, 3.163299798965454]",0.000000,[],174,5539
19,train,0.043116,0.043116,0.000000,3.322435,0.043116,0.016752,"[0.04064332693815231, 0.04558858647942543]","[3.4597489833831787, 3.1851210594177246]",0.000000,[],1558,49843
19,val,0.031863,0.031863,0.000000,3.319095,0.031863,0.017206,"[0.02913273312151432, 0.034592896699905396]","[3.456954002380371, 3.181234836578369]",0.000000,[],174,5539
20,train,0.043046,0.043046,0.000000,3.340710,0.043046,0.016903,"[0.040589358657598495, 0.04550359025597572]","[3.4764184951782227, 3.2050046920776367]",0.000000,[],1558,49843
20,val,0.031806,0.031806,0.000000,3.335724,0.031806,0.017783,"[0.028973523527383804, 0.03463936969637871]","[3.472262382507324, 3.199185848236084]",0.000000,[],174,5539
21,train,0.042962,0.042962,0.000000,3.359324,0.042962,0.017085,"[0.04051746428012848, 0.045406363904476166]","[3.4935224056243896, 3.225121021270752]",0.000000,[],1558,49843
21,val,0.031540,0.031540,0.000000,3.366853,0.031540,0.017163,"[0.028821932151913643, 0.034257810562849045]","[3.5006906986236572, 3.233015775680542]",0.000000,[],174,5539
22,train,0.042899,0.042899,0.000000,3.378774,0.042899,0.017331,"[0.04046311229467392, 0.045334357768297195]","[3.5114099979400635, 3.2461330890655518]",0.000000,[],1558,49843
22,val,0.031567,0.031567,0.000000,3.380046,0.031567,0.017877,"[0.028740307316184044, 0.03439444303512573]","[3.5136470794677734, 3.2464439868927]",0.000000,[],174,5539
23,train,0.042814,0.042814,0.000000,3.400855,0.042814,0.017625,"[0.04040117934346199, 0.045226894319057465]","[3.531796455383301, 3.2699127197265625]",0.000000,[],1558,49843
23,val,0.031694,0.031694,0.000000,3.405880,0.031694,0.018657,"[0.02903941459953785, 0.03434909135103226]","[3.537367105484009, 3.2743921279907227]",0.000000,[],174,5539
24,train,0.042759,0.042759,0.000000,3.424316,0.042759,0.018007,"[0.04035244509577751, 0.04516540840268135]","[3.553412914276123, 3.295222043991089]",0.000000,[],1558,49843
24,val,0.031576,0.031576,0.000000,3.429062,0.031576,0.018630,"[0.028868138790130615, 0.034284453839063644]","[3.5578436851501465, 3.3002798557281494]",0.000000,[],174,5539
25,train,0.042706,0.042706,0.000000,3.450943,0.042706,0.018474,"[0.04031055048108101, 0.045100968331098557]","[3.5779948234558105, 3.323892593383789]",0.000000,[],1558,49843
25,val,0.031342,0.031342,0.000000,3.459295,0.031342,0.018025,"[0.028449175879359245, 0.03423444554209709]","[3.586277484893799, 3.3323116302490234]",0.000000,[],174,5539
26,train,0.042638,0.042638,0.000000,3.479634,0.042638,0.019044,"[0.04025958850979805, 0.0450158454477787]","[3.6045093536376953, 3.354759931564331]",0.000000,[],1558,49843
26,val,0.031448,0.031448,0.000000,3.477995,0.031448,0.019829,"[0.028806546702980995, 0.03408990800380707]","[3.603947877883911, 3.3520400524139404]",0.000000,[],174,5539
27,train,0.042581,0.042581,0.000000,3.511096,0.042581,0.019767,"[0.04020816832780838, 0.04495447129011154]","[3.633488178253174, 3.3887083530426025]",0.000000,[],1558,49843
27,val,0.031280,0.031280,0.000000,3.522921,0.031280,0.019918,"[0.028619196265935898, 0.03394075855612755]","[3.644481897354126, 3.4013595581054688]",0.000000,[],174,5539
28,train,0.042538,0.042538,0.000000,3.542229,0.042538,0.020590,"[0.04016711935400963, 0.04490901902318001]","[3.6623804569244385, 3.42207932472229]",0.000000,[],1558,49843
28,val,0.031287,0.031287,0.000000,3.546560,0.031287,0.021501,"[0.028763828799128532, 0.03380966559052467]","[3.6670684814453125, 3.4260494709014893]",0.000000,[],174,5539
29,train,0.042481,0.042481,0.000000,3.574874,0.042481,0.021517,"[0.04012521356344223, 0.04483584314584732]","[3.6926987171173096, 3.4570491313934326]",0.000000,[],1558,49843
29,val,0.031169,0.031169,0.000000,3.588560,0.031169,0.022440,"[0.028414063155651093, 0.033922985196113586]","[3.7048256397247314, 3.4722957611083984]",0.000000,[],174,5539
30,train,0.042427,0.042427,0.000000,3.607448,0.042427,0.022434,"[0.04007915407419205, 0.04477417469024658]","[3.722890615463257, 3.492004156112671]",0.000000,[],1558,49843
30,val,0.031140,0.031140,0.000000,3.617638,0.031140,0.023703,"[0.028354067355394363, 0.03392540663480759]","[3.7324070930480957, 3.50287127494812]",0.000000,[],174,5539
31,train,0.042384,0.042384,0.000000,3.638017,0.042384,0.023374,"[0.04004058614373207, 0.044726476073265076]","[3.751265287399292, 3.524771213531494]",0.000000,[],1558,49843
31,val,0.031032,0.031032,0.000000,3.649665,0.031032,0.024254,"[0.02820783667266369, 0.033855684101581573]","[3.7619071006774902, 3.537421703338623]",0.000000,[],174,5539
32,train,0.042327,0.042327,0.000000,3.668031,0.042327,0.024267,"[0.039996031671762466, 0.04465757682919502]","[3.7790462970733643, 3.557014226913452]",0.000000,[],1558,49843
32,val,0.031062,0.031062,0.000000,3.674761,0.031062,0.024936,"[0.02837342396378517, 0.03375135734677315]","[3.785510301589966, 3.5640130043029785]",0.000000,[],174,5539
33,train,0.042287,0.042287,0.000000,3.696047,0.042287,0.025110,"[0.03996458277106285, 0.04460960626602173]","[3.8050694465637207, 3.5870230197906494]",0.000000,[],1558,49843
33,val,0.031070,0.031070,0.000000,3.700792,0.031070,0.026585,"[0.028314150869846344, 0.033825863152742386]","[3.809980630874634, 3.591603994369507]",0.000000,[],174,5539
34,train,0.042249,0.042249,0.000000,3.719667,0.042249,0.025774,"[0.039926670491695404, 0.044571731239557266]","[3.8269572257995605, 3.6123766899108887]",0.000000,[],1558,49843
34,val,0.030985,0.030985,0.000000,3.725541,0.030985,0.026459,"[0.028206748887896538, 0.03376377746462822]","[3.8329012393951416, 3.618177890777588]",0.000000,[],174,5539
35,train,0.042205,0.042205,0.000000,3.744602,0.042205,0.026482,"[0.03989033401012421, 0.044519830495119095]","[3.8500797748565674, 3.6391208171844482]",0.000000,[],1558,49843
35,val,0.030987,0.030987,0.000000,3.742028,0.030987,0.027578,"[0.02829884923994541, 0.033674661070108414]","[3.848628044128418, 3.635427474975586]",0.000000,[],174,5539
36,train,0.042160,0.042160,0.000000,3.766689,0.042160,0.027059,"[0.039856646209955215, 0.04446270689368248]","[3.8705835342407227, 3.6627964973449707]",0.000000,[],1558,49843
36,val,0.031089,0.031089,0.000000,3.776244,0.031089,0.027375,"[0.028278395533561707, 0.03389926999807358]","[3.879594087600708, 3.6728930473327637]",0.000000,[],174,5539
37,train,0.042123,0.042123,0.000000,3.788626,0.042123,0.027619,"[0.03981906920671463, 0.044426463544368744]","[3.8908298015594482, 3.6864278316497803]",0.000000,[],1558,49843
37,val,0.030883,0.030883,0.000000,3.792638,0.030883,0.028002,"[0.02812088280916214, 0.03364605829119682]","[3.8942413330078125, 3.691035032272339]",0.000000,[],174,5539
38,train,0.042095,0.042095,0.000000,3.807274,0.042095,0.028065,"[0.039800260215997696, 0.044389426708221436]","[3.908116579055786, 3.7064356803894043]",0.000000,[],1558,49843
38,val,0.030967,0.030967,0.000000,3.814455,0.030967,0.028995,"[0.028245404362678528, 0.033688727766275406]","[3.9153573513031006, 3.7135531902313232]",0.000000,[],174,5539
39,train,0.042058,0.042058,0.000000,3.827142,0.042058,0.028532,"[0.039770420640707016, 0.04434492811560631]","[3.9265384674072266, 3.7277450561523438]",0.000000,[],1558,49843
39,val,0.030895,0.030895,0.000000,3.826020,0.030895,0.029160,"[0.0282574649900198, 0.0335325188934803]","[3.92557954788208, 3.7264633178710938]",0.000000,[],174,5539
40,train,0.042026,0.042026,0.000000,3.845388,0.042026,0.028904,"[0.0397428423166275, 0.044309403747320175]","[3.9433228969573975, 3.7474498748779297]",0.000000,[],1558,49843
40,val,0.030834,0.030834,0.000000,3.848544,0.030834,0.029825,"[0.02815677411854267, 0.03351150080561638]","[3.9466474056243896, 3.7504372596740723]",0.000000,[],174,5539
41,train,0.041995,0.041995,0.000000,3.863815,0.041995,0.029327,"[0.03972436487674713, 0.04426596313714981]","[3.9603326320648193, 3.7672970294952393]",0.000000,[],1558,49843
41,val,0.030876,0.030876,0.000000,3.872251,0.030876,0.030437,"[0.028080498799681664, 0.033671122044324875]","[3.968149185180664, 3.776353359222412]",0.000000,[],174,5539
42,train,0.041959,0.041959,0.000000,3.880489,0.041959,0.029646,"[0.039685800671577454, 0.044232096523046494]","[3.975632667541504, 3.7853400707244873]",0.000000,[],1558,49843
42,val,0.030819,0.030819,0.000000,3.883450,0.030819,0.030755,"[0.02821931056678295, 0.03341861441731453]","[3.97809100151062, 3.788806915283203]",0.000000,[],174,5539
43,train,0.041941,0.041941,0.000000,3.896699,0.041941,0.030000,"[0.039678435772657394, 0.044204358011484146]","[3.9906699657440186, 3.8027288913726807]",0.000000,[],1558,49843
43,val,0.030660,0.030660,0.000000,3.897894,0.030660,0.031562,"[0.028164269402623177, 0.03315582126379013]","[3.9915335178375244, 3.804255247116089]",0.000000,[],174,5539
44,train,0.041905,0.041905,0.000000,3.912719,0.041905,0.030356,"[0.03965270519256592, 0.04415653273463249]","[4.005341053009033, 3.820093870162964]",0.000000,[],1558,49843
44,val,0.030705,0.030705,0.000000,3.916105,0.030705,0.031723,"[0.02796141617000103, 0.03344952315092087]","[4.008594989776611, 3.823612928390503]",0.000000,[],174,5539
45,train,0.041887,0.041887,0.000000,3.927702,0.041887,0.030639,"[0.03963465616106987, 0.04413978010416031]","[4.019053936004639, 3.836348533630371]",0.000000,[],1558,49843
45,val,0.030618,0.030618,0.000000,3.941590,0.030618,0.031387,"[0.027928344905376434, 0.0333072766661644]","[4.03188419342041, 3.8512954711914062]",0.000000,[],174,5539
46,train,0.041857,0.041857,0.000000,3.942263,0.041857,0.030946,"[0.03961041569709778, 0.04410411790013313]","[4.032472133636475, 3.852048873901367]",0.000000,[],1558,49843
46,val,0.030721,0.030721,0.000000,3.944863,0.030721,0.031613,"[0.02796562761068344, 0.03347582742571831]","[4.034454345703125, 3.8552722930908203]",0.000000,[],174,5539
47,train,0.041839,0.041839,0.000000,3.956777,0.041839,0.031207,"[0.03960017114877701, 0.044077422469854355]","[4.045763969421387, 3.867788076400757]",0.000000,[],1558,49843
47,val,0.030749,0.030749,0.000000,3.960991,0.030749,0.031861,"[0.028088100254535675, 0.03341074660420418]","[4.0496296882629395, 3.8723509311676025]",0.000000,[],174,5539
48,train,0.041816,0.041816,0.000000,3.968979,0.041816,0.031452,"[0.03957687318325043, 0.04405545815825462]","[4.057014465332031, 3.88094425201416]",0.000000,[],1558,49843
48,val,0.030678,0.030678,0.000000,3.972474,0.030678,0.031657,"[0.028024177998304367, 0.033331483602523804]","[4.06058931350708, 3.8843600749969482]",0.000000,[],174,5539
49,train,0.041791,0.041791,0.000000,3.981766,0.041791,0.031754,"[0.03955598175525665, 0.04402551427483559]","[4.068747520446777, 3.8947842121124268]",0.000000,[],1558,49843
49,val,0.030597,0.030597,0.000000,3.999705,0.030597,0.032204,"[0.027999870479106903, 0.03319387882947922]","[4.085385322570801, 3.9140243530273438]",0.000000,[],174,5539
50,train,0.041779,0.041779,0.000000,3.992732,0.041779,0.031962,"[0.03954700380563736, 0.04401130974292755]","[4.078838348388672, 3.9066264629364014]",0.000000,[],1558,49843
50,val,0.030772,0.030772,0.000000,3.987353,0.030772,0.032954,"[0.02810167521238327, 0.03344148397445679]","[4.074873924255371, 3.8998310565948486]",0.000000,[],174,5539
51,train,0.041763,0.041763,0.000000,4.003415,0.041763,0.032237,"[0.03954003006219864, 0.04398690164089203]","[4.088727951049805, 3.9181032180786133]",0.000000,[],1558,49843
51,val,0.030603,0.030603,0.000000,4.007038,0.030603,0.032604,"[0.028033051639795303, 0.03317294269800186]","[4.091662883758545, 3.9224119186401367]",0.000000,[],174,5539
52,train,0.041736,0.041736,0.000000,4.015362,0.041736,0.032491,"[0.039517223834991455, 0.04395391792058945]","[4.099643230438232, 3.9310832023620605]",0.000000,[],1558,49843
52,val,0.030546,0.030546,0.000000,4.025958,0.030546,0.032528,"[0.027896542102098465, 0.033194851130247116]","[4.10932731628418, 3.942589521408081]",0.000000,[],174,5539
53,train,0.041718,0.041718,0.000000,4.025320,0.041718,0.032693,"[0.03950624540448189, 0.04392986744642258]","[4.108798503875732, 3.941847085952759]",0.000000,[],1558,49843
53,val,0.030566,0.030566,0.000000,4.043099,0.030566,0.032644,"[0.027913548052310944, 0.03321865573525429]","[4.124518394470215, 3.9616780281066895]",0.000000,[],174,5539
54,train,0.041701,0.041701,0.000000,4.035386,0.041701,0.032891,"[0.039492182433605194, 0.043910663574934006]","[4.1179962158203125, 3.95277738571167]",0.000000,[],1558,49843
54,val,0.030671,0.030671,0.000000,4.040086,0.030671,0.032753,"[0.028083307668566704, 0.033258795738220215]","[4.122368812561035, 3.9578030109405518]",0.000000,[],174,5539
55,train,0.041684,0.041684,0.000000,4.045200,0.041684,0.033117,"[0.039476312696933746, 0.043892133980989456]","[4.127063274383545, 3.9633307456970215]",0.000000,[],1558,49843
55,val,0.030601,0.030601,0.000000,4.061878,0.030601,0.033090,"[0.02784738317131996, 0.03335397318005562]","[4.142527103424072, 3.9812300205230713]",0.000000,[],174,5539
56,train,0.041670,0.041670,0.000000,4.054403,0.041670,0.033358,"[0.03946243226528168, 0.043877363204956055]","[4.135500907897949, 3.9733030796051025]",0.000000,[],1558,49843
56,val,0.030614,0.030614,0.000000,4.053451,0.030614,0.034920,"[0.02800769917666912, 0.03321956470608711]","[4.134459018707275, 3.9724414348602295]",0.000000,[],174,5539
57,train,0.041647,0.041647,0.000000,4.063056,0.041647,0.033571,"[0.03944478556513786, 0.04384944587945938]","[4.143387317657471, 3.9827184677124023]",0.000000,[],1558,49843
57,val,0.030625,0.030625,0.000000,4.061362,0.030625,0.032639,"[0.028047557920217514, 0.033202994614839554]","[4.142416954040527, 3.9803075790405273]",0.000000,[],174,5539
58,train,0.041642,0.041642,0.000000,4.071573,0.041642,0.033760,"[0.039443690329790115, 0.04383955895900726]","[4.151267051696777, 3.9918746948242188]",0.000000,[],1558,49843
58,val,0.030533,0.030533,0.000000,4.069896,0.030533,0.034468,"[0.027882061898708344, 0.03318477421998978]","[4.149288654327393, 3.9905033111572266]",0.000000,[],174,5539
59,train,0.041628,0.041628,0.000000,4.079184,0.041628,0.033935,"[0.039435792714357376, 0.04382002726197243]","[4.158332347869873, 4.000045299530029]",0.000000,[],1558,49843
59,val,0.030585,0.030585,0.000000,4.081190,0.030585,0.034393,"[0.027903251349925995, 0.03326699510216713]","[4.160170555114746, 4.002209186553955]",0.000000,[],174,5539
60,train,0.041613,0.041613,0.000000,4.087181,0.041613,0.034194,"[0.03942441567778587, 0.04380236938595772]","[4.165670394897461, 4.008693218231201]",0.000000,[],1558,49843
60,val,0.030642,0.030642,0.000000,4.080802,0.030642,0.036315,"[0.028108781203627586, 0.0331745371222496]","[4.160038948059082, 4.001564025878906]",0.000000,[],174,5539
61,train,0.041595,0.041595,0.000000,4.093934,0.041595,0.034358,"[0.039409227669239044, 0.04378145933151245]","[4.171888828277588, 4.015979766845703]",0.000000,[],1558,49843
61,val,0.030534,0.030534,0.000000,4.096063,0.030534,0.034542,"[0.027962684631347656, 0.03310566022992134]","[4.174474239349365, 4.0176520347595215]",0.000000,[],174,5539
62,train,0.041573,0.041573,0.000000,4.101519,0.041573,0.034495,"[0.03939351066946983, 0.04375191405415535]","[4.178884029388428, 4.024154186248779]",0.000000,[],1558,49843
62,val,0.030482,0.030482,0.000000,4.102678,0.030482,0.036436,"[0.027934489771723747, 0.03302900120615959]","[4.179858207702637, 4.025496959686279]",0.000000,[],174,5539
63,train,0.041574,0.041574,0.000000,4.107763,0.041574,0.034708,"[0.03939441218972206, 0.04375379905104637]","[4.184609889984131, 4.030910968780518]",0.000000,[],1558,49843
63,val,0.030649,0.030649,0.000000,4.097332,0.030649,0.036029,"[0.02822098508477211, 0.03307639807462692]","[4.175014495849609, 4.019649028778076]",0.000000,[],174,5539
64,train,0.041552,0.041552,0.000000,4.115005,0.041552,0.034821,"[0.03937982767820358, 0.043724387884140015]","[4.191280841827393, 4.03872537612915]",0.000000,[],1558,49843
64,val,0.030546,0.030546,0.000000,4.114635,0.030546,0.035576,"[0.02790825627744198, 0.03318432345986366]","[4.190989971160889, 4.038280010223389]",0.000000,[],174,5539
65,train,0.041540,0.041540,0.000000,4.121286,0.041540,0.035027,"[0.039366837590932846, 0.04371282830834389]","[4.197007656097412, 4.045560359954834]",0.000000,[],1558,49843
65,val,0.030440,0.030440,0.000000,4.124845,0.030440,0.036094,"[0.027836119756102562, 0.03304300457239151]","[4.19993257522583, 4.049757957458496]",0.000000,[],174,5539
66,train,0.041533,0.041533,0.000000,4.127715,0.041533,0.035218,"[0.03935730829834938, 0.043708037585020065]","[4.202930450439453, 4.052500247955322]",0.000000,[],1558,49843
66,val,0.030509,0.030509,0.000000,4.113618,0.030509,0.036831,"[0.027992499992251396, 0.0330248661339283]","[4.189701080322266, 4.037532806396484]",0.000000,[],174,5539
67,train,0.041522,0.041522,0.000000,4.132746,0.041522,0.035405,"[0.03934992477297783, 0.04369405657052994]","[4.207550525665283, 4.0579400062561035]",0.000000,[],1558,49843
67,val,0.030404,0.030404,0.000000,4.137365,0.030404,0.035760,"[0.02777203731238842, 0.03303609788417816]","[4.211948871612549, 4.062781810760498]",0.000000,[],174,5539
68,train,0.041501,0.041501,0.000000,4.138577,0.041501,0.035564,"[0.03933471813797951, 0.04366809502243996]","[4.212957382202148, 4.064194202423096]",0.000000,[],1558,49843
68,val,0.030338,0.030338,0.000000,4.144423,0.030338,0.036949,"[0.02783004753291607, 0.03284682333469391]","[4.217708587646484, 4.071138858795166]",0.000000,[],174,5539
69,train,0.041500,0.041500,0.000000,4.144120,0.041500,0.035704,"[0.03932962939143181, 0.04366972669959068]","[4.218010902404785, 4.07022762298584]",0.000000,[],1558,49843
69,val,0.030421,0.030421,0.000000,4.146809,0.030421,0.036720,"[0.02785472758114338, 0.03298734873533249]","[4.219927787780762, 4.073690414428711]",0.000000,[],174,5539
70,train,0.041488,0.041488,0.000000,4.148748,0.041488,0.035862,"[0.03932708874344826, 0.04364796355366707]","[4.222382545471191, 4.075112342834473]",0.000000,[],1558,49843
70,val,0.030457,0.030457,0.000000,4.144453,0.030457,0.037013,"[0.02788013592362404, 0.03303329274058342]","[4.218062877655029, 4.070843696594238]",0.000000,[],174,5539
71,train,0.041471,0.041471,0.000000,4.153875,0.041471,0.036027,"[0.03930693492293358, 0.04363514482975006]","[4.227020740509033, 4.080735206604004]",0.000000,[],1558,49843
71,val,0.030395,0.030395,0.000000,4.148530,0.030395,0.037352,"[0.027884848415851593, 0.03290558233857155]","[4.221762180328369, 4.07529878616333]",0.000000,[],174,5539
72,train,0.041458,0.041458,0.000000,4.158949,0.041458,0.036130,"[0.039297737181186676, 0.04361792653799057]","[4.231706619262695, 4.086191177368164]",0.000000,[],1558,49843
72,val,0.030468,0.030468,0.000000,4.152662,0.030468,0.038588,"[0.027843615040183067, 0.033091530203819275]","[4.225910186767578, 4.0794148445129395]",0.000000,[],174,5539
73,train,0.041458,0.041458,0.000000,4.162641,0.041458,0.036289,"[0.039301011711359024, 0.043614502996206284]","[4.235107421875, 4.090170860290527]",0.000000,[],1558,49843
73,val,0.030493,0.030493,0.000000,4.156526,0.030493,0.037686,"[0.027842707931995392, 0.03314397856593132]","[4.229459762573242, 4.083591938018799]",0.000000,[],174,5539
74,train,0.041441,0.041441,0.000000,4.167169,0.041441,0.036390,"[0.039285432547330856, 0.04359561204910278]","[4.239302158355713, 4.095036029815674]",0.000000,[],1558,49843
74,val,0.030409,0.030409,0.000000,4.166288,0.030409,0.037432,"[0.027887066826224327, 0.03293038532137871]","[4.238761901855469, 4.09381628036499]",0.000000,[],174,5539
75,train,0.041438,0.041438,0.000000,4.171166,0.041438,0.036556,"[0.03928754851222038, 0.043588053435087204]","[4.242969036102295, 4.099368095397949]",0.000000,[],1558,49843
75,val,0.030370,0.030370,0.000000,4.166006,0.030370,0.035885,"[0.027839167043566704, 0.03290087357163429]","[4.238571643829346, 4.093440055847168]",0.000000,[],174,5539
76,train,0.041424,0.041424,0.000000,4.174957,0.041424,0.036637,"[0.03927057608962059, 0.04357697814702988]","[4.246426582336426, 4.103494167327881]",0.000000,[],1558,49843
76,val,0.030376,0.030376,0.000000,4.184123,0.030376,0.036501,"[0.02780500426888466, 0.03294694423675537]","[4.255728721618652, 4.11251974105835]",0.000000,[],174,5539
77,train,0.041414,0.041414,0.000000,4.178978,0.041414,0.036808,"[0.03926854580640793, 0.04356030374765396]","[4.250187873840332, 4.1077704429626465]",0.000000,[],1558,49843
77,val,0.030419,0.030419,0.000000,4.175888,0.030419,0.036740,"[0.02785969153046608, 0.0329790823161602]","[4.247506141662598, 4.104268550872803]",0.000000,[],174,5539
78,train,0.041403,0.041403,0.000000,4.182769,0.041403,0.036890,"[0.03926157206296921, 0.04354521259665489]","[4.253644943237305, 4.111900806427002]",0.000000,[],1558,49843
78,val,0.030310,0.030310,0.000000,4.181047,0.030310,0.038854,"[0.027668217197060585, 0.03295114263892174]","[4.251792907714844, 4.110301494598389]",0.000000,[],174,5539
79,train,0.041395,0.041395,0.000000,4.186190,0.041395,0.036963,"[0.03924962878227234, 0.04354008659720421]","[4.256797790527344, 4.115583419799805]",0.000000,[],1558,49843
79,val,0.030273,0.030273,0.000000,4.190055,0.030273,0.038022,"[0.027727162465453148, 0.0328189842402935]","[4.260486602783203, 4.119626045227051]",0.000000,[],174,5539
80,train,0.041383,0.041383,0.000000,4.189547,0.041383,0.037094,"[0.03924348205327988, 0.04352207109332085]","[4.259861946105957, 4.119231700897217]",0.000000,[],1558,49843
80,val,0.030491,0.030491,0.000000,4.187561,0.030491,0.036417,"[0.027843425050377846, 0.03313850611448288]","[4.259238243103027, 4.1158833503723145]",0.000000,[],174,5539
81,train,0.041379,0.041379,0.000000,4.193195,0.041379,0.037125,"[0.03923980891704559, 0.04351779446005821]","[4.263278484344482, 4.123108863830566]",0.000000,[],1558,49843
81,val,0.030439,0.030439,0.000000,4.188096,0.030439,0.037550,"[0.027877284213900566, 0.033000074326992035]","[4.258732318878174, 4.117460250854492]",0.000000,[],174,5539
82,train,0.041368,0.041368,0.000000,4.196857,0.041368,0.037304,"[0.03922954946756363, 0.04350603371858597]","[4.2665934562683105, 4.1271233558654785]",0.000000,[],1558,49843
82,val,0.030288,0.030288,0.000000,4.186970,0.030288,0.038873,"[0.027781911194324493, 0.03279494494199753]","[4.256881237030029, 4.117058277130127]",0.000000,[],174,5539
83,train,0.041361,0.041361,0.000000,4.199778,0.041361,0.037336,"[0.03922492265701294, 0.04349710792303085]","[4.269268035888672, 4.130279541015625]",0.000000,[],1558,49843
83,val,0.030328,0.030328,0.000000,4.196208,0.030328,0.038740,"[0.027847295626997948, 0.03280900418758392]","[4.265807151794434, 4.126607418060303]",0.000000,[],174,5539
84,train,0.041352,0.041352,0.000000,4.203430,0.041352,0.037442,"[0.039213407784700394, 0.04348979890346527]","[4.272624492645264, 4.134237289428711]",0.000000,[],1558,49843
84,val,0.030327,0.030327,0.000000,4.211327,0.030327,0.038165,"[0.02771172858774662, 0.032942645251750946]","[4.280182361602783, 4.14247465133667]",0.000000,[],174,5539
85,train,0.041346,0.041346,0.000000,4.205983,0.041346,0.037545,"[0.03921852633357048, 0.04347430542111397]","[4.275030612945557, 4.136937618255615]",0.000000,[],1558,49843
85,val,0.030394,0.030394,0.000000,4.195782,0.030394,0.038309,"[0.027834687381982803, 0.0329524502158165]","[4.2663092613220215, 4.125255107879639]",0.000000,[],174,5539
86,train,0.041340,0.041340,0.000000,4.209148,0.041340,0.037607,"[0.039209481328725815, 0.04347042366862297]","[4.27793025970459, 4.14036750793457]",0.000000,[],1558,49843
86,val,0.030303,0.030303,0.000000,4.217651,0.030303,0.038040,"[0.027764279395341873, 0.032841525971889496]","[4.284502983093262, 4.1507978439331055]",0.000000,[],174,5539
87,train,0.041323,0.041323,0.000000,4.212257,0.041323,0.037674,"[0.039193350821733475, 0.04345177114009857]","[4.280725479125977, 4.143786907196045]",0.000000,[],1558,49843
87,val,0.030332,0.030332,0.000000,4.206952,0.030332,0.037559,"[0.027759261429309845, 0.03290434181690216]","[4.27583646774292, 4.138067722320557]",0.000000,[],174,5539
88,train,0.041319,0.041319,0.000000,4.214780,0.041319,0.037751,"[0.03918762132525444, 0.043451372534036636]","[4.283078670501709, 4.146488189697266]",0.000000,[],1558,49843
88,val,0.030342,0.030342,0.000000,4.206679,0.030342,0.039286,"[0.027921881526708603, 0.0327613428235054]","[4.275099277496338, 4.138258457183838]",0.000000,[],174,5539
89,train,0.041313,0.041313,0.000000,4.217055,0.041313,0.037761,"[0.03918714076280594, 0.043438445776700974]","[4.2852349281311035, 4.148877143859863]",0.000000,[],1558,49843
89,val,0.030303,0.030303,0.000000,4.222178,0.030303,0.036937,"[0.027670972049236298, 0.03293464705348015]","[4.289804935455322, 4.154548168182373]",0.000000,[],174,5539
90,train,0.041302,0.041302,0.000000,4.219815,0.041302,0.037870,"[0.0391775406897068, 0.043426740914583206]","[4.287736415863037, 4.151891708374023]",0.000000,[],1558,49843
90,val,0.030530,0.030530,0.000000,4.213429,0.030530,0.038930,"[0.027872521430253983, 0.0331881046295166]","[4.2819037437438965, 4.144954204559326]",0.000000,[],174,5539
91,train,0.041295,0.041295,0.000000,4.222313,0.041295,0.037950,"[0.03917277604341507, 0.04341782256960869]","[4.290036201477051, 4.1545915603637695]",0.000000,[],1558,49843
91,val,0.030305,0.030305,0.000000,4.216229,0.030305,0.039568,"[0.027776706963777542, 0.03283294290304184]","[4.28359842300415, 4.14885950088501]",0.000000,[],174,5539
92,train,0.041291,0.041291,0.000000,4.223481,0.041291,0.038024,"[0.03916759416460991, 0.04341387003660202]","[4.291075706481934, 4.155887126922607]",0.000000,[],1558,49843
92,val,0.030327,0.030327,0.000000,4.219587,0.030327,0.039647,"[0.02786409482359886, 0.032789479941129684]","[4.286881446838379, 4.152291297912598]",0.000000,[],174,5539
93,train,0.041285,0.041285,0.000000,4.226552,0.041285,0.038107,"[0.03917310759425163, 0.04339635744690895]","[4.293944358825684, 4.159159183502197]",0.000000,[],1558,49843
93,val,0.030252,0.030252,0.000000,4.220578,0.030252,0.039013,"[0.027850177139043808, 0.032654087990522385]","[4.2876739501953125, 4.153482913970947]",0.000000,[],174,5539
94,train,0.041279,0.041279,0.000000,4.228684,0.041279,0.038127,"[0.0391627661883831, 0.043394915759563446]","[4.295888423919678, 4.1614766120910645]",0.000000,[],1558,49843
94,val,0.030238,0.030238,0.000000,4.232614,0.030238,0.038190,"[0.027824537828564644, 0.03265164792537689]","[4.299642086029053, 4.165585041046143]",0.000000,[],174,5539
95,train,0.041274,0.041274,0.000000,4.231397,0.041274,0.038235,"[0.0391649529337883, 0.043383948504924774]","[4.298411846160889, 4.16438102722168]",0.000000,[],1558,49843
95,val,0.030296,0.030296,0.000000,4.226042,0.030296,0.040665,"[0.027918638661503792, 0.032673195004463196]","[4.2932868003845215, 4.158796787261963]",0.000000,[],174,5539
96,train,0.041265,0.041265,0.000000,4.233557,0.041265,0.038262,"[0.03915102779865265, 0.04337853938341141]","[4.300426006317139, 4.166695594787598]",0.000000,[],1558,49843
96,val,0.030238,0.030238,0.000000,4.233166,0.030238,0.039545,"[0.027884606271982193, 0.03259154036641121]","[4.299522876739502, 4.16680908203125]",0.000000,[],174,5539
97,train,0.041261,0.041261,0.000000,4.235821,0.041261,0.038323,"[0.03915112093091011, 0.04337093606591225]","[4.302495002746582, 4.169149398803711]",0.000000,[],1558,49843
97,val,0.030376,0.030376,0.000000,4.227350,0.030376,0.039679,"[0.027837036177515984, 0.03291542828083038]","[4.296067714691162, 4.158631801605225]",0.000000,[],174,5539
98,train,0.041252,0.041252,0.000000,4.237698,0.041252,0.038415,"[0.03913620859384537, 0.04336719214916229]","[4.304203987121582, 4.171192646026611]",0.000000,[],1558,49843
98,val,0.030319,0.030319,0.000000,4.218924,0.030319,0.040219,"[0.02779979445040226, 0.03283756598830223]","[4.286312580108643, 4.151535987854004]",0.000000,[],174,5539
99,train,0.041246,0.041246,0.000000,4.240267,0.041246,0.038447,"[0.03914140909910202, 0.043349746614694595]","[4.30654764175415, 4.173986911773682]",0.000000,[],1558,49843
99,val,0.030230,0.030230,0.000000,4.237005,0.030230,0.038825,"[0.027661005035042763, 0.032799508422613144]","[4.30371618270874, 4.170293807983398]",0.000000,[],174,5539
100,train,0.041242,0.041242,0.000000,4.241556,0.041242,0.038525,"[0.039134349673986435, 0.043349042534828186]","[4.307776927947998, 4.175333499908447]",0.000000,[],1558,49843
100,val,0.030320,0.030320,0.000000,4.242845,0.030320,0.039001,"[0.0277072973549366, 0.0329318642616272]","[4.308744430541992, 4.176944732666016]",0.000000,[],174,5539
