epoch,split,total_loss,action_loss,action_loss_units,future_loss,future_latent_cosine_error,future_latent_mse,future_latent_cosine_error_by_horizon,future_latent_mse_by_horizon,action_mse_by_horizon,action_mse_by_dimension,spike_loss,action_mse,action_mse_units,steps,samples,parameter_count,trainable_parameter_count,lower_is_better
0,train,0.05928122199,0.04471112687,raw_action_units,0.01457009526,0.01457009526,1.186768577,"[0.0143596325, 0.0145564256, 0.0147394137, 0.0146249114]","[1.1639205217, 1.2392013073, 1.1551938057, 1.1887580156]","[0.0275273472, 0.0396492966, 0.0501081422, 0.0603071563]","[0.0365653038, 0.0259204712, 0.0445183888, 0.0029296051, 0.0055262805, 0.0042058267, 0.1911201328]",0,0.04471112485,raw_action_units,1315,42067,769564,769564,true
0,val,0.02855509851,0.02611799941,raw_action_units,0.002437099113,0.002437099113,1.312541605,"[0.0020858883, 0.0022851452, 0.0025650898, 0.0028122733]","[1.3179030418, 1.3507065773, 1.2770369053, 1.3045203686]","[0.0129089076, 0.0220157597, 0.0303128287, 0.0383671969]","[0.0120350644, 0.0136333173, 0.0139526241, 0.0017277991, 0.00335727, 0.0019871141, 0.1346149743]",0,0.02611799829,raw_action_units,190,6073,769564,769564,true
1,train,0.0315875063,0.02885817295,raw_action_units,0.002729333406,0.002729333406,1.435149712,"[0.0022036256, 0.0025825703, 0.0029124531, 0.0032186853]","[1.4468442202, 1.478173852, 1.4036749601, 1.4119055271]","[0.013799279, 0.0241039433, 0.0340965129, 0.0433440991]","[0.0161182955, 0.0106769856, 0.0183815993, 0.0018582118, 0.0030965675, 0.0025649751, 0.1491550952]",0,0.02885817162,raw_action_units,1315,42067,769564,769564,true
1,val,0.02650214978,0.02444461696,raw_action_units,0.002057532862,0.002057532863,1.504435903,"[0.0016475215, 0.001924463, 0.0022008251, 0.0024573223]","[1.5308177471, 1.5363746881, 1.478839159, 1.471711874]","[0.0108942427, 0.0202013496, 0.0284365546, 0.0374732502]","[0.0115591735, 0.008477997, 0.0111634862, 0.0010515514, 0.001636754, 0.0018665045, 0.1340039372]",0,0.02444461583,raw_action_units,190,6073,769564,769564,true
2,train,0.02870151987,0.02641090817,raw_action_units,0.002290611639,0.002290611639,1.50953519,"[0.0017472929, 0.0021390065, 0.0024789425, 0.0027972059]","[1.5357172489, 1.5510251522, 1.4775853157, 1.473813653]","[0.0124097038, 0.0221244674, 0.0312569737, 0.0397756696]","[0.013763411, 0.009094269, 0.0157146081, 0.0014946014, 0.0018109548, 0.0014278344, 0.1414362937]",0,0.02641090705,raw_action_units,1315,42067,769564,769564,true
2,val,0.02547947969,0.02378826582,raw_action_units,0.001691213784,0.001691213785,1.484570918,"[0.0012904918, 0.0015721854, 0.0018170831, 0.002085095]","[1.5333180428, 1.5129461288, 1.4464914799, 1.4455280304]","[0.010921441, 0.0193418954, 0.0284097176, 0.0357343629]","[0.0133390473, 0.0097958623, 0.0094302138, 0.0008920031, 0.0015940105, 0.000899616, 0.1292622238]",0,0.02378826471,raw_action_units,190,6073,769564,769564,true
3,train,0.02720690866,0.02516545148,raw_action_units,0.002041457204,0.002041457204,1.46165985,"[0.0014809797, 0.0018919738, 0.0022351618, 0.0025577142]","[1.5066637993, 1.4977421761, 1.4224524498, 1.4197803736]","[0.0118817296, 0.0210713614, 0.0297313314, 0.0379427224]","[0.0129615739, 0.0086980369, 0.0144413589, 0.0012500552, 0.0015594364, 0.001006722, 0.1361804157]",0,0.02516545035,raw_action_units,1315,42067,769564,769564,true
3,val,0.02466469684,0.02305249164,raw_action_units,0.001612205198,0.001612205198,1.397256468,"[0.001177654, 0.0014744931, 0.0017515728, 0.0020451015]","[1.4553039074, 1.4306442738, 1.3496578932, 1.3534201384]","[0.0115037309, 0.0184844621, 0.0276801977, 0.0340031832]","[0.0111442152, 0.0091320444, 0.0087491106, 0.0009600061, 0.0013762118, 0.0008231982, 0.1282404661]",0,0.02305249066,raw_action_units,190,6073,769564,769564,true
4,train,0.02629331141,0.02439647333,raw_action_units,0.001896838072,0.001896838072,1.295911335,"[0.0013333032, 0.0017526426, 0.0020913777, 0.0024100284]","[1.3521332741, 1.3327568769, 1.2467268705, 1.2520281076]","[0.0116287209, 0.0204679873, 0.0288582873, 0.0365727618]","[0.0125267264, 0.0083243269, 0.0139248129, 0.0010894546, 0.0015427775, 0.0009582259, 0.132307142]",0,0.02439647223,raw_action_units,1315,42067,769564,769564,true
4,val,0.02511169953,0.02365176523,raw_action_units,0.001459934338,0.001459934339,1.152762799,"[0.0010369049, 0.0013307014, 0.0015963775, 0.001875753]","[1.2126487494, 1.1830509901, 1.1061335802, 1.1092184782]","[0.0116832303, 0.0185882449, 0.0261318553, 0.0376666822]","[0.0100021437, 0.009182496, 0.0097511914, 0.0006116068, 0.0013698885, 0.0007045435, 0.133000657]",0,0.02365176432,raw_action_units,190,6073,769564,769564,true
5,train,0.02542688271,0.02362731483,raw_action_units,0.001799567875,0.001799567875,1.097777806,"[0.0012395254, 0.0016567769, 0.0019924629, 0.0023095051]","[1.1588855982, 1.1277519464, 1.0524276495, 1.0520476103]","[0.0112730134, 0.0198509321, 0.02788518, 0.0354098752]","[0.0123087298, 0.0081392024, 0.0131668383, 0.0009712831, 0.0013583351, 0.0009342933, 0.1283546984]",0,0.02362731379,raw_action_units,1315,42067,769564,769564,true
5,val,0.02391987481,0.02245454104,raw_action_units,0.001465333832,0.001465333832,1.007447281,"[0.001071196, 0.0013291885, 0.0015922909, 0.0018686596]","[1.0650843382, 1.0267862082, 0.974640727, 0.9632778168]","[0.0121147688, 0.0178908464, 0.0259371642, 0.033411976]","[0.0094136884, 0.0079843029, 0.0102492105, 0.000652682, 0.0012947406, 0.0006810773, 0.1260950565]",0,0.02245454011,raw_action_units,190,6073,769564,769564,true
6,train,0.0248199108,0.02308371948,raw_action_units,0.001736191318,0.001736191318,0.9016205319,"[0.0011798214, 0.0015954147, 0.0019294047, 0.0022401256]","[0.9568108916, 0.9254114032, 0.8605548739, 0.8637049794]","[0.0110805659, 0.0193968229, 0.0271885507, 0.0345833749]","[0.0120346993, 0.0079267211, 0.0131494161, 0.0008376156, 0.0012900847, 0.0009210263, 0.1252767444]",0,0.02308371842,raw_action_units,1315,42067,769564,769564,true
6,val,0.02327464763,0.02181091057,raw_action_units,0.001463737013,0.001463737013,0.8594764551,"[0.0009747481, 0.0013540158, 0.001654355, 0.0018718294]","[0.8980865479, 0.8773950338, 0.8268734813, 0.8355506659]","[0.011713611, 0.0183685292, 0.0253672432, 0.0313862488]","[0.0098879226, 0.0080797737, 0.0133759957, 0.0006185158, 0.0020812131, 0.0009399052, 0.1169790104]",0,0.02181090969,raw_action_units,190,6073,769564,769564,true
7,train,0.02433358555,0.02265590842,raw_action_units,0.001677677127,0.001677677127,0.7137756033,"[0.0011243797, 0.0015388387, 0.0018695963, 0.0021778934]","[0.7589404583, 0.7317941785, 0.6790612936, 0.6853055954]","[0.0108476169, 0.0191184003, 0.0266189538, 0.0339488648]","[0.0117911715, 0.007722436, 0.0128010213, 0.0007519068, 0.001312046, 0.0008269229, 0.1232286692]",0,0.02265590741,raw_action_units,1315,42067,769564,769564,true
7,val,0.02278580602,0.02146695722,raw_action_units,0.001318848822,0.001318848822,0.6654461732,"[0.0008961703, 0.0012050972, 0.0014557205, 0.0017184071]","[0.6972208619, 0.6778549552, 0.6391870379, 0.6475220323]","[0.0103117526, 0.0171435699, 0.0259365011, 0.0320837274]","[0.0123301744, 0.0082308631, 0.0107279979, 0.0004369571, 0.0012461741, 0.0005967029, 0.1160132661]",0,0.02146695635,raw_action_units,190,6073,769564,769564,true
8,train,0.0237863974,0.0221551716,raw_action_units,0.001631225833,0.001631225833,0.5679219172,"[0.0010818811, 0.0014928431, 0.0018236703, 0.002126507]","[0.6016919613, 0.5809070468, 0.5387366414, 0.5503515005]","[0.0108247539, 0.0186665133, 0.0260005649, 0.0330618024]","[0.0117085632, 0.0076089543, 0.0124863153, 0.0007090748, 0.0012861914, 0.0007748073, 0.1203947961]",0,0.02215517065,raw_action_units,1315,42067,769564,769564,true
8,val,0.0221570402,0.02083764566,raw_action_units,0.001319394534,0.001319394534,0.5581520765,"[0.0008988043, 0.0011930064, 0.0014692219, 0.0017165471]","[0.5818395615, 0.5634790659, 0.5356931686, 0.5515964627]","[0.0093834512, 0.0168259293, 0.0244841184, 0.032291647]","[0.0088911997, 0.007645526, 0.0097121047, 0.0007048309, 0.0014128879, 0.0005924872, 0.1162649989]",0,0.02083764472,raw_action_units,190,6073,769564,769564,true
9,train,0.02358076935,0.02197983314,raw_action_units,0.001600936233,0.001600936233,0.462820559,"[0.0010612073, 0.0014655769, 0.0017889449, 0.0020880173]","[0.4858192205, 0.4699095488, 0.4397771955, 0.4557756186]","[0.0107136732, 0.0185765624, 0.0258177016, 0.0327816084]","[0.0115394993, 0.0073812711, 0.0122248363, 0.0006781055, 0.0012034398, 0.0007588472, 0.1200206131]",0,0.02197983217,raw_action_units,1315,42067,769564,769564,true
9,val,0.02496702594,0.02368792917,raw_action_units,0.001279096813,0.001279096813,0.3475653356,"[0.0008289424, 0.0011372606, 0.0014232633, 0.0017269198]","[0.3615607619, 0.3487101197, 0.3346418738, 0.3453485966]","[0.0107421726, 0.0207462907, 0.0276545845, 0.0351856574]","[0.008250311, 0.0070551452, 0.0086950157, 0.0004778754, 0.0011320525, 0.0005925386, 0.1388723403]",0,0.02368792809,raw_action_units,190,6073,769564,769564,true
10,train,0.02328999273,0.02171831116,raw_action_units,0.001571681569,0.001571681569,0.3691671682,"[0.001035911, 0.0014387132, 0.0017596114, 0.0020524899]","[0.3803286254, 0.3717644811, 0.3526859283, 0.371889174]","[0.0105935885, 0.0182884242, 0.025544662, 0.0323735029]","[0.0116345836, 0.0074601299, 0.0122490069, 0.0006251873, 0.0011538487, 0.0007312723, 0.1180462986]",0,0.02171831017,raw_action_units,1315,42067,769564,769564,true
10,val,0.02199721543,0.02068791461,raw_action_units,0.001309300809,0.001309300809,0.3469826033,"[0.0008757978, 0.0011938433, 0.001475424, 0.0016921383]","[0.3543123007, 0.34892717, 0.3353071213, 0.3493840396]","[0.0092273569, 0.0165007003, 0.0247247592, 0.0319544636]","[0.00969622, 0.0089934384, 0.0090427306, 0.0005368429, 0.0010802273, 0.00068365, 0.1141796336]",0,0.02068791361,raw_action_units,190,6073,769564,769564,true
11,train,0.02287286616,0.02133045674,raw_action_units,0.001542409414,0.001542409414,0.2799101013,"[0.0010138708, 0.0014124154, 0.0017280108, 0.0020153394]","[0.284515053, 0.2788861096, 0.2677500546, 0.2884889543]","[0.0103545329, 0.0179716963, 0.0251891389, 0.0317048579]","[0.0114075029, 0.0072602048, 0.0120577672, 0.0005435796, 0.0011004927, 0.0006907432, 0.1160751358]",0,0.02133045579,raw_action_units,1315,42067,769564,769564,true
11,val,0.02185141854,0.02062674752,raw_action_units,0.001224670961,0.001224670961,0.270257599,"[0.0008297089, 0.0011086093, 0.0013560366, 0.00160433]","[0.2666648328, 0.2669443488, 0.2620619237, 0.2853593826]","[0.0094517479, 0.0164975319, 0.0241158269, 0.0321238302]","[0.0095601818, 0.0076798643, 0.0106438491, 0.0003726079, 0.0010774148, 0.000924485, 0.1135722771]",0,0.02062674663,raw_action_units,190,6073,769564,769564,true
12,train,0.02263867603,0.02111460679,raw_action_units,0.001524069233,0.001524069233,0.2047188037,"[0.0009979527, 0.0013958862, 0.0017094313, 0.0019930089]","[0.2014154643, 0.2015784532, 0.196221143, 0.2196601629]","[0.0103303036, 0.01780596, 0.0248695388, 0.031405095]","[0.0113531761, 0.0071691289, 0.0118668955, 0.000503139, 0.0010943424, 0.0006624548, 0.1150699332]",0,0.02111460586,raw_action_units,1315,42067,769564,769564,true
12,val,0.0211659699,0.01993309024,raw_action_units,0.001232879626,0.001232879626,0.1784848137,"[0.0007868103, 0.0011227924, 0.0013785147, 0.0016434013]","[0.1667771935, 0.1782622188, 0.1745521873, 0.1943476796]","[0.0095662894, 0.0162929017, 0.0232850779, 0.0302411504]","[0.0088325245, 0.0073606214, 0.0091262581, 0.000376602, 0.0011207187, 0.00052991, 0.1115778238]",0,0.01993308929,raw_action_units,190,6073,769564,769564,true
13,train,0.0223156327,0.02080975963,raw_action_units,0.001505873082,0.001505873082,0.1420700667,"[0.0009874677, 0.0013811298, 0.0016888377, 0.0019660566]","[0.132825017, 0.1372999996, 0.1371239871, 0.1610312313]","[0.0101750707, 0.0175619479, 0.0244623162, 0.0309264399]","[0.0111675141, 0.0069530937, 0.0117525551, 0.0004934912, 0.0010795849, 0.0006331272, 0.1133907661]",0,0.0208097587,raw_action_units,1315,42067,769564,769564,true
13,val,0.02073746337,0.01954507848,raw_action_units,0.001192384858,0.001192384858,0.1274196891,"[0.0008040438, 0.0010951511, 0.0013162191, 0.0015541256]","[0.1078119874, 0.1227715388, 0.128380388, 0.1507148594]","[0.0092528155, 0.0159907416, 0.0226281025, 0.029899016]","[0.0100108488, 0.0077178944, 0.0097305933, 0.0003462513, 0.0009891285, 0.0005933178, 0.10671065]",0,0.01954507762,raw_action_units,190,6073,769564,769564,true
14,train,0.02214698437,0.02065289487,raw_action_units,0.001494089483,0.001494089483,0.09972658594,"[0.0009823507, 0.0013711425, 0.0016754556, 0.0019474111]","[0.0859068111, 0.0940579548, 0.0985246599, 0.1204170287]","[0.0101172971, 0.0173685905, 0.0243033394, 0.0307187829]","[0.0112203229, 0.0068701115, 0.0115879169, 0.0004820531, 0.0010720966, 0.0006014014, 0.1125551462]",0,0.02065289392,raw_action_units,1315,42067,769564,769564,true
14,val,0.02186799611,0.02062056794,raw_action_units,0.00124742816,0.00124742816,0.05500829031,"[0.0008188128, 0.0011215905, 0.001376631, 0.0016726785]","[0.038841825, 0.0508119017, 0.0572535656, 0.0731258392]","[0.0092535121, 0.017165307, 0.024083972, 0.0316673629]","[0.0087855635, 0.0091917897, 0.0087889088, 0.0003934638, 0.0012311619, 0.0006233779, 0.1147835106]",0,0.02062056708,raw_action_units,190,6073,769564,769564,true
15,train,0.02200006789,0.0205172094,raw_action_units,0.001482858493,0.001482858493,0.07164727242,"[0.0009742168, 0.0013618036, 0.0016623369, 0.0019330748]","[0.0558629073, 0.0655533373, 0.0728506818, 0.0923221037]","[0.010141952, 0.0173802804, 0.0241302103, 0.0303783007]","[0.0111684799, 0.0068068113, 0.0116851097, 0.0004723551, 0.0010425523, 0.0006150365, 0.1117632538]",0,0.02051720847,raw_action_units,1315,42067,769564,769564,true
15,val,0.02526500623,0.02405958909,raw_action_units,0.00120541711,0.00120541711,0.06226444233,"[0.0008215109, 0.0011045503, 0.0013309936, 0.0015646137]","[0.0427237004, 0.0576938018, 0.0661901012, 0.0824501961]","[0.0102203954, 0.018632248, 0.0289037675, 0.038076058]","[0.0106535703, 0.0072830534, 0.010015307, 0.0004387966, 0.001147808, 0.0005755436, 0.1375928074]",0,0.02405958806,raw_action_units,190,6073,769564,769564,true
16,train,0.02166760559,0.02020404116,raw_action_units,0.001463564424,0.001463564424,0.05467280337,"[0.0009631699, 0.0013443592, 0.0016393026, 0.0019074217]","[0.0382700041, 0.0492915772, 0.0576633736, 0.0734663159]","[0.0099442685, 0.0170823187, 0.0237154663, 0.0300100632]","[0.0108101647, 0.0066913208, 0.0115230028, 0.0004622906, 0.0010576637, 0.0005772734, 0.110194467]",0,0.02020404025,raw_action_units,1315,42067,769564,769564,true
16,val,0.02040232328,0.01914585487,raw_action_units,0.001256468334,0.001256468334,0.05087501347,"[0.0008139261, 0.0010967304, 0.001404436, 0.0017107805]","[0.0317548551, 0.0450358056, 0.0547412448, 0.071968168]","[0.0091281682, 0.0156783387, 0.0224420112, 0.0289997272]","[0.0088544749, 0.0080409814, 0.008860101, 0.0003366508, 0.0014096854, 0.0004713178, 0.1054611951]",0,0.01914585405,raw_action_units,190,6073,769564,769564,true
17,train,0.02158894444,0.02014159494,raw_action_units,0.001447349525,0.001447349525,0.05211935586,"[0.0009555948, 0.0013303813, 0.0016208863, 0.0018825311]","[0.035462521, 0.0470082313, 0.0561496615, 0.0698570311]","[0.0099225501, 0.0169897508, 0.0236349888, 0.0299476031]","[0.010886821, 0.0066340328, 0.0112748658, 0.0004546346, 0.0010317358, 0.0005423123, 0.1100416258]",0,0.02014159403,raw_action_units,1315,42067,769564,769564,true
17,val,0.02125697449,0.02006977424,raw_action_units,0.00118720029,0.00118720029,0.04991194948,"[0.000774147, 0.0010798523, 0.0013305036, 0.0015642982]","[0.0316864699, 0.0452007987, 0.0548967905, 0.0678637251]","[0.0093269059, 0.0162707902, 0.0237936005, 0.0305737387]","[0.0089807454, 0.008180799, 0.0088387644, 0.0003170503, 0.0016614294, 0.0005405148, 0.1114195287]",0,0.02006977328,raw_action_units,190,6073,769564,769564,true
18,train,0.02138231058,0.01994293346,raw_action_units,0.00143937711,0.00143937711,0.05432452132,"[0.0009515525, 0.0013234213, 0.0016119045, 0.0018706294]","[0.0392742008, 0.0501064397, 0.0590971075, 0.0688203946]","[0.0098520694, 0.0168521162, 0.0234367866, 0.0295582376]","[0.0106890732, 0.006549329, 0.0112851113, 0.0004606062, 0.0009838525, 0.0005459151, 0.1089596599]",0,0.01994293257,raw_action_units,1315,42067,769564,769564,true
18,val,0.02143496969,0.0201722796,raw_action_units,0.001262690171,0.001262690171,0.0502039651,"[0.0008120711, 0.0011443225, 0.0014216003, 0.0016727664]","[0.0355553776, 0.0472458228, 0.0544148311, 0.0635997951]","[0.009180733, 0.0163583178, 0.023636492, 0.0311607346]","[0.0084019732, 0.0070121046, 0.0112494817, 0.0003530659, 0.0010414927, 0.000530409, 0.1119998917]",0,0.02017227872,raw_action_units,190,6073,769564,769564,true
19,train,0.02121364225,0.01978167577,raw_action_units,0.001431966503,0.001431966503,0.06792129599,"[0.0009483532, 0.0013185288, 0.0016026029, 0.0018583809]","[0.0555391759, 0.0656233206, 0.0729229972, 0.0775996894]","[0.0098290099, 0.0167086404, 0.0231967531, 0.029319372]","[0.0106046423, 0.0065177819, 0.0110522648, 0.0004374835, 0.0009915201, 0.0005529841, 0.1081874445]",0,0.01978167486,raw_action_units,1315,42067,769564,769564,true
19,val,0.02096323538,0.01976631507,raw_action_units,0.001196920229,0.001196920229,0.07023590944,"[0.0007973092, 0.0010673091, 0.0013466547, 0.0015764084]","[0.060026221, 0.0695166439, 0.0742375851, 0.07716313]","[0.0091483314, 0.0160020832, 0.0232376363, 0.0303275865]","[0.0085486239, 0.0066011008, 0.0091781355, 0.0004254122, 0.0009100566, 0.0004559503, 0.1116330922]",0,0.01976631421,raw_action_units,190,6073,769564,769564,true
20,train,0.02093999351,0.0195266967,raw_action_units,0.001413296817,0.001413296817,0.09669635341,"[0.0009321034, 0.0013003871, 0.0015827043, 0.0018379947]","[0.0877692401, 0.0958078429, 0.1021802947, 0.1010279283]","[0.0096529657, 0.0164812803, 0.0229749456, 0.0289326888]","[0.0104339598, 0.0063893097, 0.0109460205, 0.0004420429, 0.000929936, 0.0005176794, 0.1069143638]",0,0.0195266958,raw_action_units,1315,42067,769564,769564,true
20,val,0.02023194504,0.01910220881,raw_action_units,0.001129736262,0.001129736262,0.1030536786,"[0.0007646868, 0.001023203, 0.0012502525, 0.001480802]","[0.0972429514, 0.1060470641, 0.1067112014, 0.1022135764]","[0.0086436644, 0.0155575136, 0.0223970599, 0.0294494033]","[0.0093882754, 0.0068135117, 0.0100935614, 0.0002954018, 0.0008208951, 0.0003999733, 0.1052717417]",0,0.01910220799,raw_action_units,190,6073,769564,769564,true
21,train,0.02089044788,0.01947404974,raw_action_units,0.001416398131,0.001416398131,0.1306769583,"[0.0009416409, 0.001304808, 0.0015830121, 0.0018361327]","[0.1272781342, 0.1327588856, 0.1349783987, 0.1276924163]","[0.0096914731, 0.016479088, 0.0228341874, 0.0288134348]","[0.0104395822, 0.0063964021, 0.0109039657, 0.0004373798, 0.000949921, 0.0004923372, 0.1065622643]",0,0.01947404887,raw_action_units,1315,42067,769564,769564,true
21,val,0.02039968635,0.01920472916,raw_action_units,0.001194957118,0.001194957118,0.1466957036,"[0.0007750788, 0.0010686523, 0.0013336785, 0.0016024191]","[0.1628199667, 0.1534827203, 0.1434040517, 0.1270761192]","[0.0087497784, 0.0156975146, 0.022508977, 0.0294637159]","[0.0080230311, 0.0068514487, 0.0083520003, 0.0003450666, 0.0009238829, 0.0004484319, 0.1087910905]",0,0.01920472836,raw_action_units,190,6073,769564,769564,true
22,train,0.02071021744,0.01931296302,raw_action_units,0.00139725444,0.00139725444,0.1589573029,"[0.0009308991, 0.0012894801, 0.0015603869, 0.0018082516]","[0.1628564894, 0.1631036103, 0.1610389054, 0.1488302797]","[0.0097170332, 0.0163677186, 0.0226038136, 0.0285341237]","[0.0104426239, 0.0063689314, 0.0109828236, 0.0004461136, 0.0009678738, 0.0004910068, 0.1054402292]",0,0.01931296214,raw_action_units,1315,42067,769564,769564,true
22,val,0.02366760745,0.02250211327,raw_action_units,0.001165494269,0.001165494269,0.1737893149,"[0.0008180919, 0.0010467353, 0.0012797163, 0.0015174331]","[0.194589451, 0.1778202504, 0.1694033295, 0.1533443183]","[0.0099036787, 0.0177853666, 0.0266880747, 0.0352153592]","[0.0084687257, 0.0065178862, 0.010013286, 0.0003000911, 0.0008638689, 0.0004589052, 0.1301640868]",0,0.02250211219,raw_action_units,190,6073,769564,769564,true
23,train,0.02058717463,0.01919346763,raw_action_units,0.001393706999,0.001393706999,0.1916138223,"[0.0009265862, 0.0012839295, 0.0015582144, 0.0018060971]","[0.2046657205, 0.1972576827, 0.1908921301, 0.1736395061]","[0.009588033, 0.0162395686, 0.0224920698, 0.0283495449]","[0.010369949, 0.0063078604, 0.0108468235, 0.0004243673, 0.0009363918, 0.0004839932, 0.1048018783]",0,0.01919346677,raw_action_units,1315,42067,769564,769564,true
23,val,0.0231448685,0.02193924134,raw_action_units,0.00120562711,0.00120562711,0.2014628569,"[0.0008161481, 0.0011087813, 0.0013389265, 0.0015586523]","[0.226002112, 0.2084365785, 0.197141245, 0.1742713749]","[0.0100667421, 0.0174720064, 0.0258463789, 0.0339878537]","[0.0092663672, 0.0066606021, 0.0088523347, 0.0002693688, 0.0008775449, 0.0004361116, 0.1265404224]",0,0.0219392404,raw_action_units,190,6073,769564,769564,true
24,train,0.02039959308,0.01902525276,raw_action_units,0.001374340313,0.001374340313,0.2514677065,"[0.0009125621, 0.0012668247, 0.0015352195, 0.0017827556]","[0.2730582952, 0.259652406, 0.2486871034, 0.22447294]","[0.0095716482, 0.0161552932, 0.0222350992, 0.0280853324]","[0.0101993196, 0.0063994369, 0.0107504707, 0.000410992, 0.0009219149, 0.0004791274, 0.1039215848]",0,0.01902525192,raw_action_units,1315,42067,769564,769564,true
24,val,0.02039371352,0.01912923119,raw_action_units,0.001264482386,0.001264482386,0.3033608969,"[0.000795399, 0.0011075365, 0.0014294202, 0.0017255741]","[0.3629565835, 0.317137599, 0.2878547013, 0.245494619]","[0.008844668, 0.0154886069, 0.0225232206, 0.0293263923]","[0.0094293058, 0.0072426153, 0.008586457, 0.000317837, 0.0010742793, 0.0004872234, 0.1061822996]",0,0.01912923029,raw_action_units,190,6073,769564,769564,true
25,train,0.02029174415,0.01892174146,raw_action_units,0.001370002671,0.001370002671,0.2854886918,"[0.0009090458, 0.0012632126, 0.0015310225, 0.0017767296]","[0.3138678074, 0.2947985232, 0.2801065445, 0.2531823516]","[0.0094695622, 0.0159339122, 0.0221648123, 0.0279883537]","[0.0102405958, 0.006256639, 0.0106617128, 0.0004113142, 0.0008914435, 0.0004657673, 0.1032966301]",0,0.01892174062,raw_action_units,1315,42067,769564,769564,true
25,val,0.02113986589,0.02007932487,raw_action_units,0.001060541035,0.001060541035,0.3874313246,"[0.0006910706, 0.0009500547, 0.001186404, 0.0014146344]","[0.4530247748, 0.3983137906, 0.3678277433, 0.3305590153]","[0.0096630501, 0.0165770911, 0.0234607514, 0.0302333124]","[0.0091295727, 0.0067991749, 0.0079560531, 0.0004771718, 0.0008032802, 0.0004783427, 0.1142412499]",0,0.02007932394,raw_action_units,190,6073,769564,769564,true
26,train,0.02015189319,0.0187734665,raw_action_units,0.001378426694,0.001378426694,0.3207563534,"[0.0009206792, 0.0012723606, 0.0015372266, 0.0017834399]","[0.3558624983, 0.331233114, 0.3130053878, 0.2829242349]","[0.0094039412, 0.0159239005, 0.0219266154, 0.0277645011]","[0.0101516312, 0.0061742906, 0.0106270537, 0.0004070091, 0.0008729185, 0.0004843864, 0.1025659665]",0,0.01877346565,raw_action_units,1315,42067,769564,769564,true
26,val,0.0220024867,0.02087466854,raw_action_units,0.001127818119,0.001127818119,0.3390243793,"[0.0007550618, 0.0010244226, 0.0012566817, 0.0014751065]","[0.4110278487, 0.3523442745, 0.3166573346, 0.2760679722]","[0.0099215191, 0.0175751634, 0.0237966161, 0.0318607911]","[0.0095905904, 0.0076682488, 0.009463625, 0.0004808268, 0.0008950229, 0.0005177037, 0.1169036329]",0,0.02087466761,raw_action_units,190,6073,769564,769564,true
27,train,0.02014280829,0.01877247629,raw_action_units,0.001370332004,0.001370332004,0.3681490548,"[0.0009179391, 0.0012647115, 0.0015285101, 0.0017701641]","[0.4174035192, 0.380782336, 0.3553296328, 0.3190803528]","[0.009518506, 0.0159069113, 0.0219301134, 0.027695382]","[0.0102578793, 0.0062841699, 0.0106431805, 0.000407406, 0.0009433915, 0.0004768392, 0.1023262665]",0,0.01877247545,raw_action_units,1315,42067,769564,769564,true
27,val,0.02206622924,0.02090745633,raw_action_units,0.001158772895,0.001158772896,0.327099075,"[0.0008015897, 0.0010512982, 0.0012831506, 0.0014990533]","[0.4050127268, 0.3390809298, 0.3016216457, 0.2626812756]","[0.0097562121, 0.0166306663, 0.0244771335, 0.0323666185]","[0.0119540021, 0.0078142835, 0.0103520313, 0.0003032631, 0.0009310542, 0.0005214235, 0.113777563]",0,0.02090745538,raw_action_units,190,6073,769564,769564,true
28,train,0.01997643447,0.01861751594,raw_action_units,0.001358918539,0.001358918539,0.4506773329,"[0.0009087739, 0.0012554869, 0.0015155841, 0.0017558299]","[0.5222060084, 0.4669077098, 0.4301216602, 0.3834735453]","[0.0094349869, 0.0157884136, 0.021714991, 0.0274583418]","[0.0100578489, 0.0061581191, 0.0105490647, 0.000407842, 0.000884094, 0.0004685338, 0.1016688198]",0,0.01861751508,raw_action_units,1315,42067,769564,769564,true
28,val,0.02062012522,0.01951678761,raw_action_units,0.001103337565,0.001103337565,0.579061166,"[0.0007371453, 0.0009923106, 0.0012278846, 0.0014560096]","[0.7041555047, 0.6046034694, 0.5412272215, 0.4662587345]","[0.0088743949, 0.0158664435, 0.023088377, 0.0299112927]","[0.0089306692, 0.0069874437, 0.0083652306, 0.0002877434, 0.0008181447, 0.0004611358, 0.110195525]",0,0.01951678672,raw_action_units,190,6073,769564,769564,true
29,train,0.01984242255,0.01847384739,raw_action_units,0.001368575128,0.001368575128,0.5465759331,"[0.0009204283, 0.0012642714, 0.0015248064, 0.0017647964]","[0.6335124373, 0.565543294, 0.5215424299, 0.4657047391]","[0.009366489, 0.0156483725, 0.021612253, 0.0272374917]","[0.0100213764, 0.006131941, 0.0104550533, 0.000400552, 0.0008987135, 0.0004616801, 0.1008936912]",0,0.01847384657,raw_action_units,1315,42067,769564,769564,true
29,val,0.02170649783,0.02062753078,raw_action_units,0.001078967039,0.001078967039,0.5785904312,"[0.0007389651, 0.0009732357, 0.0011917873, 0.0014118803]","[0.6948239207, 0.6023275256, 0.5431749821, 0.4740354121]","[0.0098559381, 0.016777033, 0.0243413392, 0.0312166009]","[0.0115811648, 0.0075258701, 0.010883891, 0.0003422693, 0.0008289818, 0.0004697614, 0.1122021377]",0,0.02062752989,raw_action_units,190,6073,769564,769564,true
30,train,0.0198201918,0.01845006005,raw_action_units,0.001370131741,0.001370131741,0.6367298339,"[0.0009186884, 0.0012657982, 0.0015273639, 0.0017686783]","[0.7425525188, 0.6577214003, 0.6051977873, 0.5414466262]","[0.0093490714, 0.015653871, 0.0215408634, 0.0272117853]","[0.0099165803, 0.0061377147, 0.0104382345, 0.000407272, 0.0008775543, 0.0004612537, 0.1008337438]",0,0.01845005923,raw_action_units,1315,42067,769564,769564,true
30,val,0.02124352599,0.02009137828,raw_action_units,0.001152147684,0.001152147684,0.6912210549,"[0.0007983276, 0.0010546115, 0.0012679031, 0.0014877496]","[0.8610631824, 0.7201326489, 0.6326453686, 0.5510426164]","[0.0097119734, 0.0165569186, 0.0234223325, 0.0302845854]","[0.0095446259, 0.0075695477, 0.0082471352, 0.0004807864, 0.0008005398, 0.0003896204, 0.1129253805]",0,0.02009137732,raw_action_units,190,6073,769564,769564,true
31,train,0.01954779731,0.01820446821,raw_action_units,0.001343329098,0.001343329098,0.7075419812,"[0.0009010113, 0.0012414497, 0.001495647, 0.0017352075]","[0.8290560842, 0.731116116, 0.6707190871, 0.5992767811]","[0.0093063293, 0.015434511, 0.0211884044, 0.0268280171]","[0.0099509507, 0.0061115324, 0.0103707006, 0.0003996915, 0.0008702217, 0.0004452734, 0.0991768166]",0,0.0182044674,raw_action_units,1315,42067,769564,769564,true
31,val,0.02122434196,0.02008759543,raw_action_units,0.001136746503,0.001136746504,0.6836155297,"[0.0007635491, 0.0010341724, 0.001259531, 0.0014897339]","[0.8464158773, 0.7145534754, 0.6308829188, 0.5426103473]","[0.0092350664, 0.0161922798, 0.0238497872, 0.0307158902]","[0.0089309383, 0.0075100069, 0.0086450893, 0.0005950155, 0.000865961, 0.0003721617, 0.1130685881]",0,0.02008759453,raw_action_units,190,6073,769564,769564,true
32,train,0.01946381262,0.01812311804,raw_action_units,0.001340694569,0.001340694569,0.7773739252,"[0.0009024689, 0.0012405915, 0.0014927825, 0.0017269328]","[0.9208058119, 0.8054411411, 0.7316762805, 0.6515718699]","[0.0092899157, 0.015403321, 0.0210820027, 0.0266400911]","[0.0097970236, 0.0060639158, 0.0103358058, 0.0004023392, 0.0008880857, 0.000448177, 0.0987916142]",0,0.01812311724,raw_action_units,1315,42067,769564,769564,true
32,val,0.02030983759,0.01920559308,raw_action_units,0.001104244482,0.001104244482,0.7796802219,"[0.0007611347, 0.0010092049, 0.0012179379, 0.0014287001]","[0.9677829146, 0.8206359744, 0.7141811848, 0.6161203384]","[0.0090517448, 0.0155501897, 0.0223705303, 0.0294923671]","[0.0082060853, 0.0069689383, 0.0086202854, 0.0002796577, 0.0009399772, 0.0004242222, 0.1083742902]",0,0.01920559218,raw_action_units,190,6073,769564,769564,true
33,train,0.0192939213,0.01795277332,raw_action_units,0.001341147986,0.001341147986,0.8697478451,"[0.0009031054, 0.0012397891, 0.0014942611, 0.0017274364]","[1.0335114002, 0.8995320797, 0.8159869909, 0.7299617529]","[0.0092664808, 0.0153028285, 0.0208320729, 0.0263144653]","[0.0098531088, 0.006018416, 0.0102665918, 0.0004003179, 0.0008911522, 0.0004505578, 0.097622551]",0,0.01795277252,raw_action_units,1315,42067,769564,769564,true
33,val,0.02225627672,0.02113038371,raw_action_units,0.001125893003,0.001125893004,0.8142339244,"[0.0007475105, 0.0010218124, 0.0012508607, 0.0014833888]","[1.0315145254, 0.8448756933, 0.743565619, 0.6369798779]","[0.0096806604, 0.0173032004, 0.0250088517, 0.0322410949]","[0.0109436763, 0.0064743455, 0.0094899749, 0.0002808789, 0.000842824, 0.0004042275, 0.1189732403]",0,0.02113038269,raw_action_units,190,6073,769564,769564,true
34,train,0.01910458259,0.01777893372,raw_action_units,0.001325648843,0.001325648843,0.9677770092,"[0.000890419, 0.0012246673, 0.0014767025, 0.0017108056]","[1.1518630981, 1.0012398958, 0.9072030783, 0.8108010888]","[0.0091971382, 0.0151264025, 0.0206514932, 0.026096534]","[0.0097287325, 0.0059582437, 0.0102476291, 0.0003885076, 0.000866805, 0.0004330836, 0.0967522636]",0,0.01777893293,raw_action_units,1315,42067,769564,769564,true
34,val,0.02074927227,0.01968210996,raw_action_units,0.001067162281,0.001067162281,0.98762465,"[0.0007205721, 0.0009675465, 0.0011857345, 0.0013947958]","[1.2113382816, 1.0261241198, 0.9163928032, 0.7966433764]","[0.0093237553, 0.01600191, 0.0230104458, 0.0299748238]","[0.0100824842, 0.0089188041, 0.0094217435, 0.0002743459, 0.0009028951, 0.000468377, 0.1069755331]",0,0.01968210916,raw_action_units,190,6073,769564,769564,true
35,train,0.01911218832,0.01779021516,raw_action_units,0.001321973181,0.001321973181,1.035183761,"[0.0008875355, 0.0012211798, 0.0014724346, 0.0017067413]","[1.2360742092, 1.0710902214, 0.9698485732, 0.8637209535]","[0.0091533605, 0.0151278041, 0.0206680931, 0.0261775739]","[0.009631726, 0.0059581553, 0.0101557449, 0.0003952992, 0.0008729813, 0.0004346217, 0.0970234498]",0,0.01779021436,raw_action_units,1315,42067,769564,769564,true
35,val,0.02058579154,0.01946526716,raw_action_units,0.00112052437,0.00112052437,0.8659485108,"[0.0007424328, 0.0010156027, 0.0012426387, 0.0014814232]","[1.1061352491, 0.9085302949, 0.7833678126, 0.6657603383]","[0.0094659338, 0.0157891363, 0.0227136109, 0.0294903331]","[0.0092517175, 0.0085977539, 0.0079199038, 0.0002734785, 0.0011687271, 0.0003646149, 0.1079771146]",0,0.01946526632,raw_action_units,190,6073,769564,769564,true
36,train,0.0188964849,0.01757873349,raw_action_units,0.001317751412,0.001317751412,1.073954562,"[0.0008895042, 0.0012187992, 0.001464188, 0.0016985124]","[1.2915672064, 1.1101592779, 1.0004248619, 0.8936689496]","[0.0091381865, 0.0149713336, 0.0203816611, 0.0257392675]","[0.0096590789, 0.0059073032, 0.0101097692, 0.0003869198, 0.000891833, 0.0004362678, 0.0955121294]",0,0.0175787327,raw_action_units,1315,42067,769564,769564,true
36,val,0.02072594857,0.01958392268,raw_action_units,0.001142025835,0.001142025836,0.9433277902,"[0.0007965158, 0.001043605, 0.0012596336, 0.0014683487]","[1.205591917, 0.9873789549, 0.8501559496, 0.7301844358]","[0.0091646314, 0.0160260126, 0.0229005851, 0.0298771318]","[0.0121298833, 0.0071663954, 0.010037899, 0.000330171, 0.0008446785, 0.0004016943, 0.1055339277]",0,0.01958392181,raw_action_units,190,6073,769564,769564,true
37,train,0.01879749353,0.01746704509,raw_action_units,0.001330448466,0.001330448466,1.174574745,"[0.0009040221, 0.0012323989, 0.0014785921, 0.0017067809]","[1.4144728184, 1.2133654356, 1.0935351849, 0.9769235253]","[0.0090571223, 0.0148624238, 0.0202930085, 0.0255726371]","[0.0096105058, 0.0059136846, 0.0101617165, 0.0003889216, 0.0008466377, 0.0004418054, 0.0947607309]",0,0.0174670443,raw_action_units,1315,42067,769564,769564,true
37,val,0.02101840227,0.01996064961,raw_action_units,0.001057752638,0.001057752639,1.151354983,"[0.0007117295, 0.0009646007, 0.0011750984, 0.0013795815]","[1.4720400572, 1.1948472261, 1.0422459841, 0.8962869644]","[0.0094274636, 0.0162720867, 0.0232419278, 0.0305218175]","[0.0093197478, 0.006922578, 0.0091427611, 0.0003272133, 0.0011532186, 0.0004062324, 0.1117889881]",0,0.01996064869,raw_action_units,190,6073,769564,769564,true
38,train,0.01868701432,0.01736959696,raw_action_units,0.001317417346,0.001317417346,1.280144229,"[0.0008914578, 0.0012185571, 0.0014649567, 0.0016946995]","[1.544765234, 1.3224252462, 1.1888382435, 1.0645503998]","[0.0091091162, 0.0148888947, 0.0201131292, 0.025315024]","[0.0095555522, 0.0058715194, 0.0100883488, 0.0003955199, 0.0008656683, 0.0004334401, 0.0942857265]",0,0.01736959618,raw_action_units,1315,42067,769564,769564,true
38,val,0.02107743785,0.01995334234,raw_action_units,0.001124095462,0.001124095462,1.315735698,"[0.0007341485, 0.0009869902, 0.0012449456, 0.0015302974]","[1.6714421511, 1.3642772436, 1.1896568537, 1.0375666618]","[0.0090749217, 0.016210733, 0.023722209, 0.0305068921]","[0.0098506808, 0.0069672144, 0.009422834, 0.0002995958, 0.0009841286, 0.0004028789, 0.1112235114]",0,0.01995334152,raw_action_units,190,6073,769564,769564,true
39,train,0.01842099001,0.01710569664,raw_action_units,0.00131529338,0.00131529338,1.367064597,"[0.0008918676, 0.001217135, 0.0014619336, 0.0016902385]","[1.6458120346, 1.412959218, 1.2721829414, 1.1373050213]","[0.0090105981, 0.0145496726, 0.0198071487, 0.0250294711]","[0.009482462, 0.0058664382, 0.0100796977, 0.0003959108, 0.0008794219, 0.0004237017, 0.0925669149]",0,0.01710569587,raw_action_units,1315,42067,769564,769564,true
39,val,0.02066863041,0.01961214311,raw_action_units,0.001056487362,0.001056487362,1.259121856,"[0.0007074107, 0.0009621724, 0.001171184, 0.0013851814]","[1.6403323412, 1.3136525154, 1.1235096455, 0.9589933753]","[0.0094438121, 0.0159976259, 0.0229186937, 0.0297705177]","[0.0089622485, 0.0068073161, 0.0085390043, 0.0002863609, 0.000832654, 0.0004661586, 0.1108348668]",0,0.01961214219,raw_action_units,190,6073,769564,769564,true
40,train,0.01835289544,0.01703913952,raw_action_units,0.001313755933,0.001313755933,1.471351179,"[0.0008939403, 0.0012165413, 0.0014591668, 0.0016853764]","[1.7876433134, 1.5189564228, 1.3612272739, 1.2175775766]","[0.0089978687, 0.0144970296, 0.0196542069, 0.0249299519]","[0.009375697, 0.0058059143, 0.009918185, 0.0003882798, 0.0008663752, 0.0004252357, 0.0923586562]",0,0.01703913876,raw_action_units,1315,42067,769564,769564,true
40,val,0.02085652766,0.01977562722,raw_action_units,0.001080900482,0.001080900482,1.327071214,"[0.0007216063, 0.0009796385, 0.0012040888, 0.0014182673]","[1.721326232, 1.3876616955, 1.1874682903, 1.011829257]","[0.0093010301, 0.0161340386, 0.0232129898, 0.0301368292]","[0.0094968351, 0.0069638854, 0.0095388722, 0.0002571892, 0.0008724796, 0.0004026777, 0.1103415862]",0,0.01977562633,raw_action_units,190,6073,769564,769564,true
41,train,0.01823799558,0.01692440202,raw_action_units,0.001313593554,0.001313593554,1.518116801,"[0.0008930468, 0.001216282, 0.0014584138, 0.001686633]","[1.8600460291, 1.5690279007, 1.3957433701, 1.2476524115]","[0.0090071633, 0.0145153692, 0.01949149, 0.024636982]","[0.0094106821, 0.0057999012, 0.0099065183, 0.0003998475, 0.0008710119, 0.0004305277, 0.0915707573]",0,0.01692440127,raw_action_units,1315,42067,769564,769564,true
41,val,0.02121541198,0.02005955962,raw_action_units,0.001155852354,0.001155852354,1.52674986,"[0.0007811455, 0.0010453495, 0.0012848307, 0.0015120843]","[1.8962837458, 1.5842006207, 1.4042896032, 1.2222253084]","[0.0092177633, 0.0162808243, 0.02375108, 0.0306187812]","[0.0104308566, 0.0074446495, 0.0083092842, 0.0002942533, 0.001099401, 0.0004216782, 0.1117696762]",0,0.02005955862,raw_action_units,190,6073,769564,769564,true
42,train,0.01802131643,0.0167148377,raw_action_units,0.001306478744,0.001306478744,1.666408337,"[0.0008886175, 0.0012093557, 0.0014511643, 0.0016767803]","[2.0416567326, 1.7217234373, 1.5328929424, 1.3693628311]","[0.0089089666, 0.0142608462, 0.0192728378, 0.0243996251]","[0.0093396734, 0.0057726451, 0.0098400386, 0.000392192, 0.000860374, 0.0004267156, 0.0903423354]",0,0.01671483693,raw_action_units,1315,42067,769564,769564,true
42,val,0.02396682125,0.02283641228,raw_action_units,0.00113040899,0.00113040899,1.654025666,"[0.0007596534, 0.0010263862, 0.0012528148, 0.0014827814]","[2.1374573708, 1.7111924887, 1.4790254831, 1.2884277105]","[0.0102651808, 0.0184436329, 0.0264940765, 0.0357630178]","[0.0093418602, 0.0074878768, 0.0111886067, 0.0003944522, 0.0008527881, 0.0003824864, 0.1295422614]",0,0.02283641127,raw_action_units,190,6073,769564,769564,true
43,train,0.01789998912,0.01659039748,raw_action_units,0.001309591634,0.001309591634,1.763859767,"[0.0008893155, 0.0012114703, 0.0014536903, 0.0016838908]","[2.1656200886, 1.8194745779, 1.6175359488, 1.4528084993]","[0.0088732233, 0.0141869178, 0.0191383772, 0.0241260231]","[0.0092880642, 0.0057234797, 0.0098438673, 0.000398642, 0.0008596913, 0.0004283529, 0.0895258561]",0,0.01659039675,raw_action_units,1315,42067,769564,769564,true
43,val,0.02094209201,0.0198606837,raw_action_units,0.001081408285,0.001081408285,1.551613661,"[0.000733789, 0.0009851998, 0.0012072518, 0.0013993926]","[2.0050098896, 1.6027520895, 1.3822141886, 1.216478467]","[0.009675242, 0.016459709, 0.0231213514, 0.0299056694]","[0.0109717166, 0.0071152318, 0.0101250997, 0.0004243759, 0.0008478982, 0.0004158241, 0.1086333022]",0,0.01986068283,raw_action_units,190,6073,769564,769564,true
44,train,0.01777113058,0.01646842765,raw_action_units,0.001302702923,0.001302702923,1.884152884,"[0.0008879154, 0.0012063249, 0.0014456174, 0.0016709561]","[2.317350626, 1.9460551739, 1.7260245085, 1.5471814871]","[0.0088149235, 0.0140839173, 0.0189357493, 0.0240135714]","[0.0092529776, 0.0056865546, 0.0097072851, 0.0003783397, 0.0008613816, 0.0004200388, 0.0889276415]",0,0.0164684269,raw_action_units,1315,42067,769564,769564,true
44,val,0.02184103392,0.02076953857,raw_action_units,0.001071495366,0.001071495366,1.910917257,"[0.0007128646, 0.0009667277, 0.0011961359, 0.0014102535]","[2.4435799122, 1.9781355858, 1.7115514278, 1.5104022026]","[0.0096806539, 0.0171772521, 0.0244659539, 0.0314610265]","[0.0093473261, 0.007420944, 0.0086600911, 0.0003065152, 0.0008235115, 0.0005025645, 0.1178125739]",0,0.02076953754,raw_action_units,190,6073,769564,769564,true
45,train,0.01765973481,0.01636126581,raw_action_units,0.001298468988,0.001298468988,1.973320099,"[0.0008857163, 0.0012047652, 0.0014397918, 0.0016636014]","[2.4306604862, 2.040802002, 1.8043117523, 1.6175048351]","[0.0087997569, 0.013987029, 0.0187394023, 0.0238917246]","[0.0092402706, 0.005753112, 0.0096392632, 0.0003834131, 0.0008365471, 0.0004216165, 0.0882071033]",0,0.01636126507,raw_action_units,1315,42067,769564,769564,true
45,val,0.0205929542,0.01950249911,raw_action_units,0.001090455144,0.001090455145,1.55919309,"[0.0007350058, 0.0009997427, 0.0012166623, 0.0014104097]","[2.058822155, 1.6275571585, 1.3704568148, 1.1799371243]","[0.0088232672, 0.0157672595, 0.0229684953, 0.0301126912]","[0.0096529173, 0.0070003271, 0.0100348974, 0.0002818019, 0.0009189374, 0.0004109352, 0.1076256931]",0,0.01950249828,raw_action_units,190,6073,769564,769564,true
46,train,0.01743943009,0.01614705088,raw_action_units,0.001292379226,0.001292379226,2.007023663,"[0.0008871316, 0.0011996748, 0.0014310257, 0.0016516844]","[2.499360323, 2.08294034, 1.8229267597, 1.6228661537]","[0.0087618129, 0.0138581889, 0.0184983872, 0.0234484095]","[0.0092443274, 0.0057141935, 0.0097605148, 0.0003890147, 0.0008666615, 0.0004272007, 0.0865899697]",0,0.01614705013,raw_action_units,1315,42067,769564,769564,true
46,val,0.02095613513,0.01986290619,raw_action_units,0.00109322887,0.001093228871,1.859657099,"[0.000744982, 0.0010023778, 0.0012121892, 0.0014133657]","[2.4632387161, 1.9357602596, 1.6284749508, 1.4111546278]","[0.0092532169, 0.0163761154, 0.023167083, 0.0302088801]","[0.0090504503, 0.0067500686, 0.0082684373, 0.0003208824, 0.0008502718, 0.0003729994, 0.1126461476]",0,0.01986290532,raw_action_units,190,6073,769564,769564,true
47,train,0.01730685954,0.01601445815,raw_action_units,0.001292401403,0.001292401403,2.127692444,"[0.0008841562, 0.0011982661, 0.0014324007, 0.0016547826]","[2.6612920761, 2.2107925415, 1.930010438, 1.7086735964]","[0.0087412614, 0.01377236, 0.0183111206, 0.0231802221]","[0.0091209607, 0.0057145301, 0.0096822716, 0.0003830656, 0.000858316, 0.0004144133, 0.0858351439]",0,0.01601445743,raw_action_units,1315,42067,769564,769564,true
47,val,0.02167302132,0.02059686981,raw_action_units,0.001076151477,0.001076151477,1.904900074,"[0.0007073548, 0.0009782097, 0.0012153969, 0.0014036439]","[2.5160560608, 1.9827408791, 1.6758719683, 1.444930315]","[0.0089797787, 0.0165913589, 0.0241108797, 0.032416027]","[0.0089902794, 0.0066287983, 0.0089590158, 0.0002920636, 0.0008275964, 0.000478089, 0.1174957305]",0,0.02059686888,raw_action_units,190,6073,769564,769564,true
48,train,0.01709456443,0.01580236168,raw_action_units,0.001292202743,0.001292202743,2.217039954,"[0.0008836031, 0.0011981147, 0.0014331306, 0.001653963]","[2.7703473568, 2.3005433083, 2.0110957623, 1.7861750126]","[0.0086496174, 0.0135550192, 0.0180276129, 0.0229171775]","[0.0091632195, 0.0056541124, 0.009568369, 0.0003842828, 0.0008669808, 0.0004363207, 0.0844381973]",0,0.01580236097,raw_action_units,1315,42067,769564,769564,true
48,val,0.0211574052,0.02002404665,raw_action_units,0.001133358566,0.001133358566,2.135635462,"[0.0007881813, 0.0010260404, 0.0012520744, 0.0014671381]","[2.7825553417, 2.2121891975, 1.8983803988, 1.6494181156]","[0.010278441, 0.0160441827, 0.0230069682, 0.0303769447]","[0.01009796, 0.0074195159, 0.0107744792, 0.0002889337, 0.0010945392, 0.0003729475, 0.1094380617]",0,0.02002404573,raw_action_units,190,6073,769564,769564,true
49,train,0.01689563809,0.01560754259,raw_action_units,0.001288095484,0.001288095484,2.35580763,"[0.0008812197, 0.0011939072, 0.0014285091, 0.0016487441]","[2.9558129311, 2.4459574223, 2.1325230598, 1.888931036]","[0.0086151361, 0.0133276498, 0.0177547578, 0.0227002632]","[0.0089808479, 0.0056319833, 0.0095973564, 0.0003885817, 0.0008444571, 0.000423014, 0.0833299533]",0,0.01560754189,raw_action_units,1315,42067,769564,769564,true
49,val,0.02118866654,0.02010159947,raw_action_units,0.001087067051,0.00108706705,2.354090645,"[0.0007416974, 0.0009826716, 0.0012060002, 0.0014178996]","[3.1132311821, 2.4545004368, 2.0715515614, 1.7770808935]","[0.0089421235, 0.0160743333, 0.0235744715, 0.0313073806]","[0.0097215325, 0.006689521, 0.0091772601, 0.0003084671, 0.0008400456, 0.0003756462, 0.1127095222]",0,0.0201015985,raw_action_units,190,6073,769564,769564,true
50,train,0.01685694235,0.0155746196,raw_action_units,0.001282322751,0.001282322751,2.475129642,"[0.0008790682, 0.001189143, 0.0014188557, 0.0016422236]","[3.1064434052, 2.5713846684, 2.2372086048, 1.9854794741]","[0.0086094672, 0.0133433398, 0.0176950842, 0.0226381682]","[0.0090915123, 0.0055999202, 0.0093976697, 0.0003776423, 0.0008327987, 0.0004208567, 0.083280161]",0,0.01557461888,raw_action_units,1315,42067,769564,769564,true
50,val,0.02113659405,0.02008860314,raw_action_units,0.001047990972,0.001047990972,2.503542033,"[0.0007078879, 0.0009456738, 0.001163654, 0.0013747482]","[3.2674314976, 2.5969111919, 2.2196853161, 1.9301383495]","[0.0091720885, 0.0163424518, 0.0235990807, 0.030835256]","[0.0090671135, 0.0066788658, 0.0102664009, 0.0002923014, 0.0012027293, 0.0003771179, 0.1120259538]",0,0.02008860232,raw_action_units,190,6073,769564,769564,true
51,train,0.01654167313,0.01526267678,raw_action_units,0.001278996347,0.001278996347,2.61826697,"[0.0008783676, 0.0011873958, 0.0014164392, 0.0016337818]","[3.3043787479, 2.7207915783, 2.358243227, 2.0896561146]","[0.0085689267, 0.0130861988, 0.0172899719, 0.0220602285]","[0.009002638, 0.0055747922, 0.0094256736, 0.0003832722, 0.0008511015, 0.0004178013, 0.0811040029]",0,0.01526267608,raw_action_units,1315,42067,769564,769564,true
51,val,0.02140904448,0.02032866134,raw_action_units,0.001080383137,0.001080383137,2.251827027,"[0.0007396532, 0.0009842849, 0.0011922838, 0.0014053104]","[3.0074343681, 2.3352367878, 1.9580526352, 1.7065845728]","[0.0090026651, 0.0163377766, 0.0235936902, 0.0319540985]","[0.0094129723, 0.0072107119, 0.0097496165, 0.0003635995, 0.0008893881, 0.000514176, 0.1134139672]",0,0.02032866034,raw_action_units,190,6073,769564,769564,true
52,train,0.01647192926,0.01518508097,raw_action_units,0.001286848285,0.001286848285,2.637603239,"[0.0008861456, 0.0011950182, 0.0014235419, 0.0016426864]","[3.3551187515, 2.7448043823, 2.3619403839, 2.0885519981]","[0.0085242372, 0.0130010443, 0.0171220768, 0.0220558308]","[0.0089987498, 0.0055815424, 0.009426754, 0.0003884398, 0.0008585726, 0.0004236902, 0.0805528536]",0,0.01518508029,raw_action_units,1315,42067,769564,769564,true
52,val,0.02113549484,0.01991698517,raw_action_units,0.001218509673,0.001218509673,2.174636118,"[0.0008126079, 0.0011047807, 0.00134524, 0.0016114097]","[2.8998203278, 2.2690839767, 1.8923549652, 1.6372836828]","[0.0088758087, 0.0158579666, 0.0235227756, 0.0311138425]","[0.0088546788, 0.0070924382, 0.0095109288, 0.0003264961, 0.0008019278, 0.0003996288, 0.1119121462]",0,0.01991698429,raw_action_units,190,6073,769564,769564,true
53,train,0.01623914757,0.01496939137,raw_action_units,0.001269756212,0.001269756212,2.791148042,"[0.0008705859, 0.0011796901, 0.0014051711, 0.001623575]","[3.5478703976, 2.9049911499, 2.4985916615, 2.2131357193]","[0.0084971068, 0.0128318109, 0.0169080924, 0.0216141418]","[0.0090603558, 0.0055583431, 0.0093771713, 0.0003791688, 0.0008383871, 0.0004264081, 0.079099603]",0,0.01496939071,raw_action_units,1315,42067,769564,769564,true
53,val,0.02145019221,0.02039203886,raw_action_units,0.001058153321,0.001058153321,2.860572841,"[0.0007233309, 0.0009660421, 0.0011660522, 0.0013771877]","[3.7064549923, 2.9842009544, 2.530633688, 2.2210011482]","[0.0106869955, 0.0171025153, 0.0232349448, 0.0302008595]","[0.0098778568, 0.0070308219, 0.0109755928, 0.0002733947, 0.0008750241, 0.0003922098, 0.1127194017]",0,0.02039203797,raw_action_units,190,6073,769564,769564,true
54,train,0.01625984424,0.01497398352,raw_action_units,0.00128586071,0.00128586071,2.859065745,"[0.0008850534, 0.0011936543, 0.0014235104, 0.0016412246]","[3.6397993565, 2.9782476425, 2.5579657555, 2.2602529526]","[0.008361904, 0.0127095301, 0.0169117358, 0.0218693465]","[0.0088584004, 0.0055784518, 0.009343883, 0.0003874952, 0.0008335257, 0.000419217, 0.0793207809]",0,0.01497398285,raw_action_units,1315,42067,769564,769564,true
54,val,0.02258569093,0.02150431734,raw_action_units,0.00108137367,0.001081373671,2.278449472,"[0.0007544237, 0.0009845512, 0.0011884409, 0.0013980785]","[3.0440518856, 2.367452383, 1.9779051542, 1.7243876457]","[0.0100959279, 0.0170095544, 0.0249970164, 0.0336197391]","[0.0101490989, 0.007221729, 0.0138519621, 0.0002894377, 0.0009507816, 0.0004466576, 0.1171042472]",0,0.0215043165,raw_action_units,190,6073,769564,769564,true
55,train,0.01597343277,0.01470540627,raw_action_units,0.001268026492,0.001268026492,2.907497569,"[0.0008750393, 0.0011787239, 0.0014022557, 0.0016160896]","[3.716584444, 3.0290923119, 2.5931916237, 2.2911183834]","[0.0084038153, 0.0126014827, 0.0164487697, 0.0212782286]","[0.0088274367, 0.0055581285, 0.0093307616, 0.0003817082, 0.0008400658, 0.0004315705, 0.0774117485]",0,0.01470540564,raw_action_units,1315,42067,769564,769564,true
55,val,0.02136575617,0.02030539476,raw_action_units,0.001060361441,0.001060361441,2.804464712,"[0.0007120575, 0.0009577208, 0.0011744276, 0.0013972395]","[3.7769529819, 2.9264597893, 2.4249436855, 2.0895023346]","[0.0093630413, 0.0164639112, 0.0237437785, 0.0312587805]","[0.0102964267, 0.006635393, 0.01180756, 0.0002674482, 0.000866855, 0.0004422665, 0.1111357063]",0,0.02030539386,raw_action_units,190,6073,769564,769564,true
56,train,0.01580057964,0.01453143451,raw_action_units,0.001269145142,0.001269145142,3.009231202,"[0.000876738, 0.0011795642, 0.0014029401, 0.001617338]","[3.8705832958, 3.1395878792, 2.6728651524, 2.3538918495]","[0.0083222706, 0.0123605235, 0.0163088962, 0.0211033523]","[0.0088322433, 0.0055351909, 0.0091719385, 0.0003790598, 0.000834416, 0.0004225261, 0.0764910132]",0,0.01453143386,raw_action_units,1315,42067,769564,769564,true
56,val,0.02177794044,0.02068908016,raw_action_units,0.00108886031,0.001088860311,3.126967773,"[0.0007250449, 0.0009893937, 0.0012141615, 0.0014268411]","[4.1211743355, 3.2658138275, 2.743516922, 2.3773634434]","[0.0091186659, 0.0163164753, 0.0242090207, 0.0327262394]","[0.0104002822, 0.0066821789, 0.0103514371, 0.0002768802, 0.0008472697, 0.0004728257, 0.1151173264]",0,0.02068907923,raw_action_units,190,6073,769564,769564,true
57,train,0.01565798329,0.01439308574,raw_action_units,0.001264897541,0.001264897541,3.133129095,"[0.0008738396, 0.001176191, 0.0013984977, 0.0016110613]","[4.0250000954, 3.2651224136, 2.7844259739, 2.4579675198]","[0.0083134556, 0.0123739112, 0.0161100421, 0.0207510125]","[0.0087947827, 0.005480187, 0.0092327353, 0.0003844275, 0.0008498713, 0.0004229381, 0.0755448341]",0,0.0143930851,raw_action_units,1315,42067,769564,769564,true
57,val,0.02173331302,0.0206824835,raw_action_units,0.001050829532,0.001050829532,3.080068885,"[0.0007032293, 0.0009414672, 0.0011679799, 0.0013906417]","[4.0602173805, 3.207344532, 2.7084784508, 2.3442358971]","[0.0095176315, 0.016876407, 0.0243139695, 0.0315653645]","[0.0088921599, 0.0073016766, 0.0097331554, 0.0003093254, 0.0008213568, 0.0004923211, 0.1164283827]",0,0.02068248258,raw_action_units,190,6073,769564,769564,true
58,train,0.01544548829,0.01417941202,raw_action_units,0.001266076263,0.001266076263,3.181533256,"[0.0008742653, 0.0011769587, 0.0013999538, 0.0016131275]","[4.1049318314, 3.3211402893, 2.8219983578, 2.4780642986]","[0.0082152374, 0.0121285068, 0.0158475116, 0.0204515159]","[0.0087390998, 0.0055022319, 0.009101578, 0.0003881112, 0.0008560352, 0.0004239345, 0.0741138235]",0,0.01417941138,raw_action_units,1315,42067,769564,769564,true
58,val,0.02170559688,0.02065746873,raw_action_units,0.001048128147,0.001048128147,3.41233071,"[0.0007108391, 0.0009444737, 0.0011636784, 0.0013735219]","[4.5327281952, 3.5384523869, 2.9629182816, 2.6152229309]","[0.0095748547, 0.0172256473, 0.0244348589, 0.0310713183]","[0.0104590021, 0.0069981436, 0.0099244639, 0.0002765562, 0.0008555102, 0.0004265882, 0.1150964424]",0,0.02065746779,raw_action_units,190,6073,769564,769564,true
59,train,0.01542197436,0.01415764559,raw_action_units,0.001264328787,0.001264328787,3.230989601,"[0.0008712627, 0.0011731584, 0.0013976637, 0.001615233]","[4.1768026352, 3.3662583828, 2.8601999283, 2.5206968784]","[0.0082347235, 0.012069759, 0.0158069413, 0.0204741973]","[0.0087134456, 0.0055997907, 0.009096019, 0.0003816801, 0.0008391282, 0.0004323023, 0.0739624947]",0,0.01415764494,raw_action_units,1315,42067,769564,769564,true
59,val,0.02176559652,0.02068732993,raw_action_units,0.001078266657,0.001078266657,3.284177212,"[0.0007502264, 0.0009707172, 0.0011872195, 0.0014049035]","[4.3589744568, 3.3939580917, 2.8619689941, 2.521807909]","[0.0096365111, 0.0169681422, 0.0240119044, 0.0317458659]","[0.0100385519, 0.007121962, 0.0105547123, 0.0002774741, 0.0009230698, 0.0003856969, 0.1148327366]",0,0.02068732899,raw_action_units,190,6073,769564,769564,true
60,train,0.01523828135,0.01397051855,raw_action_units,0.001267762783,0.001267762783,3.323753961,"[0.0008767604, 0.0011772919, 0.0014008359, 0.0016161659]","[4.3035230637, 3.4690670967, 2.936152935, 2.5862717628]","[0.0082477489, 0.0119763585, 0.0154843535, 0.0201539658]","[0.0086954469, 0.0054996158, 0.0091081727, 0.0003854788, 0.0008376028, 0.0004259271, 0.0728070214]",0,0.01397051794,raw_action_units,1315,42067,769564,769564,true
60,val,0.02149341074,0.0204004485,raw_action_units,0.001092962267,0.001092962267,3.026486855,"[0.0007294069, 0.0009690408, 0.0012055264, 0.0014678745]","[4.0877747536, 3.1582655907, 2.6161589622, 2.243748188]","[0.0095503852, 0.0168911852, 0.0239008572, 0.0308034904]","[0.011105529, 0.0074416278, 0.0091928933, 0.0002819311, 0.0008670396, 0.0004820823, 0.1126342416]",0,0.02040044747,raw_action_units,190,6073,769564,769564,true
61,train,0.01514221613,0.01387459041,raw_action_units,0.00126762572,0.00126762572,3.397258392,"[0.0008782768, 0.0011781845, 0.0014006513, 0.0016133887]","[4.4244437218, 3.5481712818, 2.9950823784, 2.6213383675]","[0.0081343101, 0.0117956065, 0.0154144708, 0.0201095957]","[0.008627655, 0.0054219142, 0.00915574, 0.0003830318, 0.0008483455, 0.0004259552, 0.0721818432]",0,0.01387458978,raw_action_units,1315,42067,769564,769564,true
61,val,0.02197379666,0.02091576684,raw_action_units,0.001058029754,0.001058029754,3.244448936,"[0.0006981339, 0.0009590024, 0.0011865614, 0.0013884212]","[4.3721532822, 3.3553624153, 2.7968153954, 2.4534680843]","[0.0095103383, 0.0169473756, 0.0244407412, 0.0324011073]","[0.0103196669, 0.0067385435, 0.0099363988, 0.0003623049, 0.000831055, 0.0004037062, 0.1171825379]",0,0.02091576585,raw_action_units,190,6073,769564,769564,true
62,train,0.01494099062,0.01367530189,raw_action_units,0.001265688743,0.001265688743,3.519756936,"[0.0008790733, 0.0011762945, 0.0013964573, 0.0016109276]","[4.5812597275, 3.6804699898, 3.0993754864, 2.7179250717]","[0.0081206812, 0.0117378971, 0.0151159996, 0.0196981132]","[0.0086356997, 0.0054825675, 0.0088937562, 0.0003888455, 0.0008276671, 0.0004188038, 0.0710298494]",0,0.01367530125,raw_action_units,1315,42067,769564,769564,true
62,val,0.02191705802,0.02088043608,raw_action_units,0.00103662207,0.001036622071,3.309184116,"[0.0006993378, 0.0009345559, 0.0011510098, 0.0013615839]","[4.528110981, 3.4593770504, 2.8208167553, 2.4284343719]","[0.0095383786, 0.0169867408, 0.024453789, 0.0321705081]","[0.0097544715, 0.0071416767, 0.0098805493, 0.0004779052, 0.0011031607, 0.000426535, 0.116727218]",0,0.02088043515,raw_action_units,190,6073,769564,769564,true
63,train,0.01483311979,0.0135769479,raw_action_units,0.001256171891,0.001256171891,3.682387606,"[0.0008669136, 0.0011666506, 0.0013881747, 0.0016029505]","[4.8032474518, 3.852463007, 3.2363455296, 2.8374979496]","[0.0080704065, 0.0115917949, 0.015015238, 0.0196054503]","[0.0085332431, 0.005437756, 0.0089446194, 0.0003839242, 0.0008177001, 0.0004178167, 0.0704599395]",0,0.01357694728,raw_action_units,1315,42067,769564,769564,true
63,val,0.02171692203,0.02062670008,raw_action_units,0.001090221977,0.001090221977,3.365582061,"[0.0007344408, 0.0009851462, 0.0012081088, 0.001433191]","[4.5611228943, 3.5051443577, 2.889405489, 2.506657362]","[0.0096648959, 0.0165817421, 0.024042394, 0.0318215564]","[0.0101732071, 0.0073674554, 0.0101357792, 0.0002756007, 0.0008377891, 0.000434018, 0.1144696623]",0,0.02062669931,raw_action_units,190,6073,769564,769564,true
64,train,0.01466216212,0.01340151563,raw_action_units,0.001260646485,0.001260646485,3.758975266,"[0.0008718533, 0.0011699636, 0.0013933401, 0.0016074302]","[4.8936972618, 3.9260780811, 3.3105459213, 2.9055817127]","[0.0080278646, 0.011449134, 0.0147965243, 0.0193069335]","[0.0085960058, 0.0054171034, 0.0088771591, 0.0003841366, 0.0008461775, 0.0004213013, 0.0692239031]",0,0.01340151502,raw_action_units,1315,42067,769564,769564,true
64,val,0.021603794,0.02052853066,raw_action_units,0.001075263336,0.001075263336,3.460651784,"[0.000747463, 0.0009741556, 0.0011837989, 0.0013956352]","[4.6793293953, 3.5736472607, 2.9855630398, 2.6040649414]","[0.0094462568, 0.0166573953, 0.0240580179, 0.0315466672]","[0.0096217813, 0.0073610968, 0.0104583865, 0.0002873993, 0.0008448685, 0.0004464374, 0.1139695644]",0,0.02052852975,raw_action_units,190,6073,769564,769564,true
65,train,0.01441404257,0.01316108396,raw_action_units,0.001252958628,0.001252958628,3.869242694,"[0.00086979, 0.0011648847, 0.0013824438, 0.0015947174]","[5.0605449677, 4.0445137024, 3.3966794014, 2.9752268791]","[0.0079425536, 0.0111454921, 0.0144706089, 0.0190314204]","[0.0085426858, 0.0053996821, 0.0088967513, 0.0003802133, 0.0008272768, 0.0004268015, 0.0675591454]",0,0.01316108335,raw_action_units,1315,42067,769564,769564,true
65,val,0.02098748701,0.01993811935,raw_action_units,0.001049367716,0.001049367716,4.17588109,"[0.0007002944, 0.0009443863, 0.0011692394, 0.0013835507]","[5.5550160408, 4.3564801216, 3.6282231808, 3.1638064384]","[0.0093208384, 0.0163411386, 0.0230896883, 0.030608654]","[0.0094086723, 0.0070435167, 0.009797628, 0.0003413847, 0.0008640114, 0.0004119974, 0.1110133603]",0,0.01993811848,raw_action_units,190,6073,769564,769564,true
66,train,0.01429576072,0.01304452004,raw_action_units,0.001251240687,0.001251240687,3.870706989,"[0.000872331, 0.0011628541, 0.0013797751, 0.0015900016]","[5.0771408081, 4.0455431938, 3.3905451298, 2.9696054459]","[0.0079088658, 0.011176195, 0.0142611265, 0.0187989138]","[0.0084627755, 0.0054261531, 0.0087452419, 0.0003793354, 0.0008315751, 0.0004216366, 0.0669872239]",0,0.01304451945,raw_action_units,1315,42067,769564,769564,true
66,val,0.02165421064,0.02060401619,raw_action_units,0.001050194396,0.001050194396,3.784610571,"[0.0007157124, 0.0009517564, 0.0011588637, 0.0013744455]","[5.2231311798, 3.9382576942, 3.2159371376, 2.7611143589]","[0.0099217361, 0.0169675536, 0.023787573, 0.0312932245]","[0.0102185672, 0.0072464324, 0.010953391, 0.0002999932, 0.0009616938, 0.0004867883, 0.1132807583]",0,0.0206040153,raw_action_units,190,6073,769564,769564,true
67,train,0.01409288372,0.01285057702,raw_action_units,0.001242306699,0.001242306699,3.978418397,"[0.0008633481, 0.0011559098, 0.0013700583, 0.0015799111]","[5.236055851, 4.1720247269, 3.4765760899, 3.0290210247]","[0.0078846421, 0.0109307515, 0.0139334043, 0.0186061636]","[0.00848593, 0.0053381063, 0.0086832158, 0.0003835757, 0.0008251319, 0.0004258947, 0.0657292604]",0,0.01285057643,raw_action_units,1315,42067,769564,769564,true
67,val,0.02261751381,0.02154757434,raw_action_units,0.001069939443,0.001069939443,4.190644695,"[0.0007411607, 0.0009729001, 0.0011782361, 0.0013874611]","[5.6834549904, 4.3518900871, 3.596837759, 3.1303956509]","[0.0108339554, 0.0172042977, 0.0247402266, 0.033096239]","[0.0120096356, 0.0070882333, 0.0112402849, 0.0003116658, 0.0008769587, 0.0004395806, 0.1183144152]",0,0.02154757342,raw_action_units,190,6073,769564,769564,true
68,train,0.01396720778,0.01272534868,raw_action_units,0.00124185909,0.00124185909,4.00704835,"[0.0008646889, 0.0011539493, 0.0013701977, 0.001578601]","[5.2815480232, 4.1975111961, 3.4994208813, 3.0497179031]","[0.007791697, 0.0108035589, 0.0138355931, 0.0184280854]","[0.0084233303, 0.0053537292, 0.0087367138, 0.0003757288, 0.0008189773, 0.0004184707, 0.0648761839]",0,0.01272534813,raw_action_units,1315,42067,769564,769564,true
68,val,0.02120361878,0.02017178175,raw_action_units,0.001031836975,0.001031836975,4.119738836,"[0.0007007621, 0.0009342607, 0.0011445711, 0.0013477537]","[5.6003956795, 4.2875022888, 3.533519268, 3.0575363636]","[0.0094289677, 0.0165942684, 0.0236915275, 0.0305673797]","[0.0095911184, 0.0080631217, 0.010508474, 0.0003050912, 0.0009239836, 0.0004512488, 0.1106507108]",0,0.02017178087,raw_action_units,190,6073,769564,769564,true
69,train,0.01388380065,0.01263726083,raw_action_units,0.001246539815,0.001246539815,4.076721856,"[0.0008692858, 0.0011585569, 0.0013734134, 0.0015849051]","[5.3717575073, 4.2721290588, 3.5578694344, 3.1051313877]","[0.0077529419, 0.0107506206, 0.0137524335, 0.0182758812]","[0.0083514163, 0.0053227106, 0.0086419834, 0.0003856947, 0.0008214574, 0.0004247121, 0.0644827485]",0,0.01263726027,raw_action_units,1315,42067,769564,769564,true
69,val,0.0224784412,0.02143307628,raw_action_units,0.001045364874,0.001045364874,4.345422953,"[0.0007226958, 0.0009426763, 0.0011544706, 0.0013616175]","[5.8517990112, 4.5189499855, 3.7465677261, 3.2643752098]","[0.0096514681, 0.0173868127, 0.0250806622, 0.0329636149]","[0.0097618243, 0.0073617119, 0.0111557469, 0.0003831393, 0.0009745888, 0.0004626553, 0.1187948138]",0,0.02143307536,raw_action_units,190,6073,769564,769564,true
70,train,0.013636145,0.01239505704,raw_action_units,0.001241087943,0.001241087943,4.277888108,"[0.0008632056, 0.0011535689, 0.0013683093, 0.0015792688]","[5.6420726776, 4.484099865, 3.732427597, 3.2529475689]","[0.0076546366, 0.0105271433, 0.0135034397, 0.0178731978]","[0.008308175, 0.0053065331, 0.0086701112, 0.0003764397, 0.0008124938, 0.0004189236, 0.0628345609]",0,0.01239505649,raw_action_units,1315,42067,769564,769564,true
70,val,0.0219008679,0.02084206473,raw_action_units,0.00105880315,0.00105880315,4.019565274,"[0.0007053721, 0.0009513331, 0.0011787731, 0.0013997345]","[5.4562926292, 4.2090125084, 3.449044466, 2.9639120102]","[0.009892215, 0.0172092263, 0.0242082067, 0.0315884613]","[0.0118309623, 0.0073408079, 0.0105175115, 0.0003536571, 0.000880153, 0.0004660245, 0.1136825755]",0,0.02084206377,raw_action_units,190,6073,769564,769564,true
71,train,0.01356864863,0.01233251964,raw_action_units,0.001236129005,0.001236129005,4.216914999,"[0.0008634963, 0.001150002, 0.001360979, 0.0015700392]","[5.5741219521, 4.4241170883, 3.6711573601, 3.1982741356]","[0.0076826289, 0.0104552563, 0.0134282941, 0.0177164748]","[0.0083687874, 0.0053354427, 0.008612819, 0.0003787011, 0.0008481022, 0.0004190311, 0.062281739]",0,0.01233251907,raw_action_units,1315,42067,769564,769564,true
71,val,0.02203249212,0.02097527925,raw_action_units,0.001057212838,0.001057212838,3.735875299,"[0.0007266841, 0.0009569262, 0.0011669006, 0.0013783403]","[5.0972833633, 3.922175169, 3.1933443546, 2.7306973934]","[0.0097558796, 0.0170012247, 0.0245259665, 0.0321643651]","[0.0110941734, 0.0071654809, 0.0111584803, 0.0002990919, 0.0008314136, 0.0005277142, 0.1149566993]",0,0.02097527825,raw_action_units,190,6073,769564,769564,true
72,train,0.01336774298,0.01213250847,raw_action_units,0.001235234514,0.001235234514,4.352726982,"[0.0008588746, 0.0011493789, 0.0013619387, 0.0015707451]","[5.7545361519, 4.5654425621, 3.7900743484, 3.3008489609]","[0.0075318553, 0.0103008831, 0.0131246159, 0.0175395347]","[0.0082412874, 0.0053144027, 0.0085357027, 0.0003722424, 0.0008154843, 0.0004179701, 0.0611724481]",0,0.01213250791,raw_action_units,1315,42067,769564,769564,true
72,val,0.02268155951,0.02160819087,raw_action_units,0.001073368604,0.001073368604,4.092982032,"[0.0007352874, 0.0009816702, 0.0011879536, 0.0013885628]","[5.625854969, 4.2897443771, 3.4727005959, 2.9836289883]","[0.0096551729, 0.017449284, 0.0253068265, 0.0336318128]","[0.0100385668, 0.0071455543, 0.0103751291, 0.00032631, 0.0008576611, 0.0007158476, 0.1211163327]",0,0.02160818991,raw_action_units,190,6073,769564,769564,true
73,train,0.01319639397,0.01196178423,raw_action_units,0.001234609754,0.001234609754,4.396529236,"[0.0008623297, 0.0011484046, 0.001359834, 0.0015678715]","[5.8346219063, 4.6226201057, 3.8167338371, 3.3121399879]","[0.0075460207, 0.0102517502, 0.01284773, 0.0171855539]","[0.0082025863, 0.0052686259, 0.008487002, 0.0003749134, 0.0008383623, 0.0004147494, 0.0601179898]",0,0.01196178369,raw_action_units,1315,42067,769564,769564,true
73,val,0.02230446018,0.02127525538,raw_action_units,0.001029204767,0.001029204767,4.535699958,"[0.0006948521, 0.0009312844, 0.0011459375, 0.0013447455]","[6.1560330391, 4.7266745567, 3.8831951618, 3.3768980503]","[0.0100284172, 0.0175766535, 0.0249391999, 0.0320838988]","[0.0100312922, 0.007329917, 0.0112309977, 0.0003707621, 0.000886381, 0.0006173573, 0.117632553]",0,0.02127525446,raw_action_units,190,6073,769564,769564,true
74,train,0.01309245496,0.0118626795,raw_action_units,0.001229775459,0.001229775459,4.476871405,"[0.0008589373, 0.0011439492, 0.0013541124, 0.001562103]","[5.9320197105, 4.7023334503, 3.8859946728, 3.3871335983]","[0.0074379086, 0.010065699, 0.0127464747, 0.0171805564]","[0.0082257977, 0.005263295, 0.0085137114, 0.0003904446, 0.0008218219, 0.0004210659, 0.059367504]",0,0.01186267897,raw_action_units,1315,42067,769564,769564,true
74,val,0.02246365115,0.02140761228,raw_action_units,0.001056038946,0.001056038946,4.923484695,"[0.0007163661, 0.0009564715, 0.0011716295, 0.0013796885]","[6.5701241493, 5.1170907021, 4.2605142593, 3.7462100983]","[0.009672286, 0.0174315665, 0.0250796042, 0.0329824723]","[0.0098192394, 0.0068884897, 0.0107852267, 0.0004957662, 0.0009288787, 0.0004539948, 0.1196687967]",0,0.02140761137,raw_action_units,190,6073,769564,769564,true
75,train,0.01300920208,0.01177713112,raw_action_units,0.001232070971,0.001232070971,4.542960796,"[0.0008618936, 0.0011459746, 0.0013560954, 0.0015643211]","[6.0453248024, 4.76957798, 3.936617136, 3.4203279018]","[0.007502716, 0.0099886656, 0.0125620617, 0.0170202535]","[0.0082753794, 0.0052569741, 0.0084846439, 0.0003810714, 0.0008259809, 0.0004230052, 0.0587318689]",0,0.0117771306,raw_action_units,1315,42067,769564,769564,true
75,val,0.02246811809,0.0214083628,raw_action_units,0.001059755305,0.001059755305,4.421966654,"[0.0007208039, 0.000960211, 0.0011707564, 0.0013872501]","[6.1213774681, 4.6142926216, 3.7259588242, 3.2262377739]","[0.0101711471, 0.0174451489, 0.0252594743, 0.0322819166]","[0.0090379324, 0.0069858748, 0.0106392456, 0.0003234224, 0.0009762689, 0.0004586826, 0.1206045523]",0,0.0214083618,raw_action_units,190,6073,769564,769564,true
76,train,0.01282182737,0.01159487806,raw_action_units,0.001226949308,0.001226949308,4.536773683,"[0.000858662, 0.0011422721, 0.0013502444, 0.0015566178]","[6.0787067413, 4.771800518, 3.9093067646, 3.38727808]","[0.0073341886, 0.0098174103, 0.0123684024, 0.0168331675]","[0.0082534477, 0.0051918668, 0.0083793029, 0.0003704442, 0.0008541988, 0.0004180202, 0.0576507561]",0,0.01159487752,raw_action_units,1315,42067,769564,769564,true
76,val,0.02320157844,0.02217596939,raw_action_units,0.001025609062,0.001025609062,4.128140899,"[0.0007017388, 0.0009247369, 0.0011325134, 0.0013434464]","[5.7694816589, 4.3264198303, 3.4696466923, 2.9470160007]","[0.0103183398, 0.0180969294, 0.0258886255, 0.0340275913]","[0.0129316831, 0.0079993522, 0.0108986488, 0.0003085753, 0.0009743824, 0.0004247155, 0.1210427359]",0,0.02217596835,raw_action_units,190,6073,769564,769564,true
77,train,0.01260528123,0.01138066588,raw_action_units,0.001224615346,0.001224615346,4.650636294,"[0.00085919, 0.0011399662, 0.0013465466, 0.0015527582]","[6.2476887703, 4.8942055702, 4.0057034492, 3.4549543858]","[0.0073446911, 0.009601946, 0.0120803947, 0.0164734721]","[0.0081599746, 0.0051889964, 0.0082982024, 0.0003698993, 0.0008128289, 0.0004180123, 0.0563779362]",0,0.01138066537,raw_action_units,1315,42067,769564,769564,true
77,val,0.0222928558,0.02126540883,raw_action_units,0.00102744692,0.00102744692,4.843529263,"[0.0006966636, 0.0009226585, 0.0011338718, 0.001356593]","[6.5944390297, 5.0608859062, 4.1369147301, 3.5818817616]","[0.0100916075, 0.0172723625, 0.024871435, 0.0324555039]","[0.0102410791, 0.0076654046, 0.0104203476, 0.0003497654, 0.0009571411, 0.0004574779, 0.1181178913]",0,0.02126540786,raw_action_units,190,6073,769564,769564,true
78,train,0.0125659969,0.01134503984,raw_action_units,0.001220957051,0.001220957051,4.721222127,"[0.0008561516, 0.0011367041, 0.0013428876, 0.0015480821]","[6.3412995338, 4.9696354866, 4.0603303909, 3.5136218071]","[0.007341166, 0.0095940493, 0.0119867828, 0.0164274666]","[0.0080355871, 0.0051776436, 0.0082833068, 0.0003791275, 0.0008166052, 0.0004207247, 0.056248609]",0,0.01134503933,raw_action_units,1315,42067,769564,769564,true
78,val,0.022889283,0.02169699732,raw_action_units,0.001192285712,0.001192285713,4.052406944,"[0.0008622221, 0.0011101579, 0.0013153283, 0.0014814343]","[5.5651545525, 4.234187603, 3.4463477135, 2.9639387131]","[0.0103151267, 0.0179868191, 0.0253452025, 0.0326720588]","[0.01057122, 0.0073536565, 0.0113715231, 0.0004576253, 0.0008331747, 0.0004468801, 0.1200245544]",0,0.02169699645,raw_action_units,190,6073,769564,769564,true
79,train,0.01235909204,0.01113889817,raw_action_units,0.001220193869,0.001220193869,4.737326618,"[0.0008569773, 0.0011386166, 0.0013404848, 0.0015446951]","[6.3957948685, 4.9939413071, 4.0591449738, 3.5004272461]","[0.0072720987, 0.0094363112, 0.0116904229, 0.0161202941]","[0.0080770208, 0.0051430338, 0.008262678, 0.0003719396, 0.0008274763, 0.0004207543, 0.0548055731]",0,0.01113889768,raw_action_units,1315,42067,769564,769564,true
79,val,0.0226997875,0.02164495443,raw_action_units,0.001054833036,0.001054833037,4.2965514,"[0.0007355895, 0.0009646295, 0.0011628076, 0.0013563059]","[6.0099744797, 4.5088267326, 3.5954508781, 3.0719540119]","[0.0098160151, 0.0176028907, 0.0255757831, 0.0330884829]","[0.0099168848, 0.0081323553, 0.0104604857, 0.0004013897, 0.0008524849, 0.0004636224, 0.1204183027]",0,0.02164495348,raw_action_units,190,6073,769564,769564,true
80,train,0.0123333748,0.01111390703,raw_action_units,0.001219467773,0.001219467773,4.910234305,"[0.0008575598, 0.0011360982, 0.0013398511, 0.001544361]","[6.6324114799, 5.1797990799, 4.2055835724, 3.6231377125]","[0.0071664788, 0.0094064949, 0.0117723765, 0.0160813984]","[0.0079799872, 0.0051034554, 0.008243124, 0.0003675992, 0.0008147208, 0.0004135559, 0.0548244081]",0,0.01111390654,raw_action_units,1315,42067,769564,769564,true
80,val,0.02270184094,0.02162116151,raw_action_units,0.001080679467,0.001080679468,5.358407235,"[0.0007643367, 0.0009814614, 0.00118299, 0.0013939297]","[7.4025874138, 5.6287016869, 4.526488781, 3.8758494854]","[0.0102942195, 0.0179198831, 0.025210103, 0.0326996148]","[0.0105069112, 0.0077068135, 0.0111914966, 0.0003886285, 0.0008833208, 0.0004334226, 0.1196061]",0,0.02162116058,raw_action_units,190,6073,769564,769564,true
81,train,0.01211510845,0.01090476754,raw_action_units,0.001210340905,0.001210340905,4.96003345,"[0.0008516636, 0.0011283895, 0.0013288595, 0.0015324511]","[6.7151522636, 5.2338614464, 4.2371311188, 3.6539905071]","[0.007054389, 0.0092941895, 0.0114177531, 0.0158177037]","[0.0079649221, 0.005116804, 0.0081259552, 0.0003700376, 0.0008081194, 0.000421099, 0.053465154]",0,0.01090476705,raw_action_units,1315,42067,769564,769564,true
81,val,0.02419281466,0.02311510683,raw_action_units,0.001077707782,0.001077707781,4.788399238,"[0.0007281583, 0.0009818997, 0.0011880546, 0.0014127188]","[6.6704697609, 5.056116581, 4.0154538155, 3.411554575]","[0.0111577353, 0.0191473085, 0.0269682202, 0.0345821418]","[0.0102452105, 0.0074485326, 0.0106317205, 0.0003328102, 0.0008465442, 0.0005445569, 0.1306975782]",0,0.02311510584,raw_action_units,190,6073,769564,769564,true
82,train,0.01204081485,0.01082987483,raw_action_units,0.001210940032,0.001210940032,4.99794446,"[0.0008501429, 0.001128935, 0.001331248, 0.0015334334]","[6.7792916298, 5.2748303413, 4.265402317, 3.6722550392]","[0.0071020136, 0.0091108307, 0.0112940604, 0.0157727078]","[0.0079456652, 0.0051001422, 0.0080956239, 0.0003764408, 0.0008199643, 0.0004100488, 0.052991353]",0,0.01082987435,raw_action_units,1315,42067,769564,769564,true
82,val,0.02301662774,0.02186864045,raw_action_units,0.001147987284,0.001147987284,4.908237423,"[0.0007825326, 0.0010456123, 0.0012901608, 0.001473644]","[6.9842104912, 5.1279845238, 4.0504937172, 3.4702577591]","[0.0103643788, 0.0178487524, 0.0256525222, 0.0330307819]","[0.0096290903, 0.0077264248, 0.0109332539, 0.0003167515, 0.0008949612, 0.0004372392, 0.1221310049]",0,0.02186863941,raw_action_units,190,6073,769564,769564,true
83,train,0.01179999883,0.01058850095,raw_action_units,0.001211497907,0.001211497907,5.085947664,"[0.0008537635, 0.0011293776, 0.0013294074, 0.0015334423]","[6.9141845703, 5.3760476112, 4.3336296082, 3.7199323177]","[0.0069762212, 0.0088959066, 0.0110969665, 0.0153578985]","[0.0079454407, 0.0051186136, 0.0080213938, 0.0003771021, 0.0007993992, 0.0004160958, 0.0513941944]",0,0.01058850046,raw_action_units,1315,42067,769564,769564,true
83,val,0.0252780829,0.02423294524,raw_action_units,0.001045137722,0.001045137722,5.264459887,"[0.0007075109, 0.0009471928, 0.0011586272, 0.0013672207]","[7.2024011612, 5.5404524803, 4.4707918167, 3.8441913128]","[0.011360486, 0.0197788663, 0.0280928835, 0.0373773277]","[0.0106179053, 0.0074954242, 0.011132108, 0.0003416848, 0.0008581567, 0.0004545575, 0.1381669044]",0,0.0242329442,raw_action_units,190,6073,769564,769564,true
84,train,0.01176650978,0.01055904566,raw_action_units,0.001207464111,0.001207464111,5.150534447,"[0.0008506535, 0.0011257594, 0.0013250436, 0.0015284019]","[7.0190134048, 5.4466543198, 4.381043911, 3.7554318905]","[0.0069656838, 0.0089134043, 0.0110590318, 0.0152669866]","[0.0078794779, 0.0050586844, 0.0080501456, 0.0003730868, 0.0008223219, 0.0004131236, 0.0512621365]",0,0.01055904517,raw_action_units,1315,42067,769564,769564,true
84,val,0.02279219781,0.02177532134,raw_action_units,0.001016876481,0.001016876481,5.358349135,"[0.000701961, 0.0009276132, 0.0011200598, 0.0013178724]","[7.5657992363, 5.6468029022, 4.4524712563, 3.7683143616]","[0.0104432898, 0.0180240758, 0.025373172, 0.0328108147]","[0.0102835139, 0.0075599067, 0.0106910076, 0.0003259584, 0.0008929115, 0.0003964971, 0.1214900613]",0,0.02177532039,raw_action_units,190,6073,769564,769564,true
85,train,0.01167781399,0.01047412219,raw_action_units,0.001203691816,0.001203691816,5.202682414,"[0.0008471871, 0.0011218142, 0.0013224827, 0.0015232844]","[7.1002840996, 5.5035881996, 4.4189133644, 3.7879476547]","[0.0069047315, 0.0088976473, 0.010949797, 0.0151295988]","[0.007917556, 0.0050757555, 0.0080520315, 0.0003732457, 0.0008011039, 0.0004141765, 0.0506593175]",0,0.0104741217,raw_action_units,1315,42067,769564,769564,true
85,val,0.02499663344,0.02393950751,raw_action_units,0.001057126044,0.001057126044,5.466678813,"[0.0007181459, 0.0009516468, 0.0011739621, 0.0013847499]","[7.7213191986, 5.7399868965, 4.5572428703, 3.8481650352]","[0.0103852795, 0.0186152328, 0.028284587, 0.0379345044]","[0.0102613745, 0.0072213151, 0.0121856946, 0.0003224059, 0.0009147362, 0.0005972722, 0.1351315379]",0,0.02393950648,raw_action_units,190,6073,769564,769564,true
86,train,0.01150527566,0.01030620413,raw_action_units,0.001199071514,0.001199071514,5.19913853,"[0.0008468635, 0.0011183815, 0.0013138506, 0.0015171923]","[7.1185646057, 5.5020608902, 4.4075627327, 3.7683668137]","[0.0068575609, 0.0086345328, 0.0106367711, 0.015054659]","[0.0078055416, 0.0050526634, 0.0079237521, 0.0003773883, 0.0008037188, 0.0004166232, 0.049691394]",0,0.01030620365,raw_action_units,1315,42067,769564,769564,true
86,val,0.02309938415,0.02204522801,raw_action_units,0.001054156242,0.001054156242,4.678194218,"[0.0007181953, 0.0009621776, 0.0011715437, 0.0013647085]","[6.6300692558, 4.9324064255, 3.8724062443, 3.2778966427]","[0.0104836961, 0.017834926, 0.0255355649, 0.0338350609]","[0.0102720968, 0.0078012198, 0.0109972516, 0.0003594418, 0.0008268188, 0.0004559445, 0.1227434203]",0,0.02204522691,raw_action_units,190,6073,769564,769564,true
87,train,0.0114554138,0.01025936576,raw_action_units,0.001196048036,0.001196048036,5.164750173,"[0.0008482137, 0.0011163341, 0.0013096367, 0.0015100073]","[7.1051187515, 5.4772281647, 4.3575186729, 3.719129324]","[0.0068448526, 0.0086087007, 0.010617828, 0.0149179893]","[0.0078221718, 0.0050301249, 0.0079125576, 0.0003704891, 0.0008034184, 0.0004163333, 0.049376294]",0,0.0102593653,raw_action_units,1315,42067,769564,769564,true
87,val,0.02355083271,0.02252180795,raw_action_units,0.001029024731,0.001029024731,5.143484209,"[0.00070907, 0.0009337196, 0.0011339118, 0.001339397]","[7.1923556328, 5.3965344429, 4.3085932732, 3.6764538288]","[0.0105080651, 0.0184215829, 0.026478311, 0.0341398902]","[0.0096737491, 0.0073927669, 0.0105915954, 0.0003245394, 0.0010298619, 0.000542919, 0.1271532625]",0,0.02252180698,raw_action_units,190,6073,769564,769564,true
88,train,0.01131678729,0.01012280803,raw_action_units,0.001193979248,0.001193979248,5.270034625,"[0.0008427024, 0.0011127911, 0.0013095937, 0.0015108283]","[7.274851799, 5.5821299553, 4.4364514351, 3.7867047787]","[0.0066956771, 0.008436989, 0.0105408765, 0.014802454]","[0.0077610235, 0.0050703348, 0.0078361053, 0.0003660101, 0.00081368, 0.0004149664, 0.0485708751]",0,0.01012280758,raw_action_units,1315,42067,769564,769564,true
88,val,0.02377020718,0.02267770499,raw_action_units,0.001092502293,0.001092502294,4.765203165,"[0.0007540838, 0.0009890677, 0.0012070354, 0.0014198216]","[6.9804029465, 5.0433301926, 3.8573610783, 3.179718256]","[0.0104345083, 0.0183782987, 0.0266021378, 0.0348013043]","[0.0100451317, 0.0071446998, 0.0122813294, 0.0002964122, 0.0008401094, 0.0005045148, 0.1267662048]",0,0.02267770403,raw_action_units,190,6073,769564,769564,true
89,train,0.01115961899,0.009964965155,raw_action_units,0.001194653831,0.001194653831,5.245112035,"[0.0008471689, 0.0011169099, 0.0013085271, 0.0015060083]","[7.2659521103, 5.5647859573, 4.4045801163, 3.7451367378]","[0.0066821887, 0.0083549134, 0.0103178099, 0.0144663751]","[0.0077079176, 0.0049835253, 0.0078172712, 0.0003682737, 0.0008107668, 0.0004156352, 0.0475838333]",0,0.009964964703,raw_action_units,1315,42067,769564,769564,true
89,val,0.02315576746,0.02212126535,raw_action_units,0.001034502226,0.001034502226,4.937630579,"[0.0007212447, 0.0009453715, 0.0011410968, 0.0013302955]","[7.1159453392, 5.191136837, 4.0398077965, 3.4036340714]","[0.0099824714, 0.0180830862, 0.025935173, 0.0340561792]","[0.0109657375, 0.007888644, 0.0102173872, 0.0003213419, 0.0009049809, 0.0004330018, 0.1233685166]",0,0.02212126441,raw_action_units,190,6073,769564,769564,true
90,train,0.0110674588,0.009871673809,raw_action_units,0.001195785011,0.001195785011,5.340513137,"[0.0008490307, 0.0011153655, 0.0013090653, 0.001509678]","[7.4121823311, 5.671848774, 4.4786319733, 3.7993943691]","[0.0066154185, 0.0082781091, 0.0102236401, 0.0143467644]","[0.0076709152, 0.0050272741, 0.0076988987, 0.0003675394, 0.0008063936, 0.0004147903, 0.0470760912]",0,0.009871673373,raw_action_units,1315,42067,769564,769564,true
90,val,0.02436245457,0.0233179084,raw_action_units,0.00104454609,0.00104454609,4.881229155,"[0.0007205249, 0.0009616789, 0.0011483186, 0.0013476611]","[7.0529079437, 5.1266884804, 3.9862923622, 3.359026432]","[0.0103465598, 0.0188937746, 0.0276160389, 0.0360319018]","[0.0114027364, 0.0075587835, 0.0109604513, 0.0004719562, 0.0008891278, 0.0005169371, 0.1307544559]",0,0.0233179074,raw_action_units,190,6073,769564,769564,true
91,train,0.01098226838,0.009790712554,raw_action_units,0.001191555811,0.001191555811,5.412353796,"[0.0008463436, 0.0011137478, 0.0013031192, 0.0015030145]","[7.5194821358, 5.7459278107, 4.5297470093, 3.8542656898]","[0.0066035204, 0.0082182633, 0.0101758651, 0.0141492495]","[0.0076352847, 0.0049518598, 0.0077414103, 0.0003703514, 0.0008038861, 0.0004139438, 0.0465903431]",0,0.009790712106,raw_action_units,1315,42067,769564,769564,true
91,val,0.02445268911,0.02339184135,raw_action_units,0.001060847678,0.001060847678,5.737314022,"[0.0007102477, 0.000962063, 0.0011992826, 0.0013717981]","[8.2228269577, 6.0365457535, 4.702372551, 3.9875118732]","[0.0107119754, 0.0193702355, 0.0271425489, 0.0357922427]","[0.0093876468, 0.0075629321, 0.0103294756, 0.0003057579, 0.0009200763, 0.0004438949, 0.1338299215]",0,0.02339184036,raw_action_units,190,6073,769564,769564,true
92,train,0.01082089877,0.009630823672,raw_action_units,0.001190075107,0.001190075107,5.409832236,"[0.0008461914, 0.0011104196, 0.0013020833, 0.0015016049]","[7.5482950211, 5.7482509613, 4.520401001, 3.8223805428]","[0.0064949724, 0.0080016619, 0.0099776052, 0.0140134506]","[0.0076083001, 0.0049676895, 0.0077185621, 0.0003743164, 0.0008041899, 0.0004180704, 0.0454623215]",0,0.009630823236,raw_action_units,1315,42067,769564,769564,true
92,val,0.02483255192,0.02374516227,raw_action_units,0.001087389767,0.001087389767,5.67678065,"[0.0007634635, 0.0009977825, 0.0011866878, 0.001401625]","[7.9898223877, 5.9242100716, 4.7192792892, 4.0738110542]","[0.0107570346, 0.0194462612, 0.0279245619, 0.0361681506]","[0.0102590546, 0.0074396213, 0.0119458307, 0.0003402064, 0.000882986, 0.0004425228, 0.1337078363]",0,0.02374516125,raw_action_units,190,6073,769564,769564,true
93,train,0.01079720462,0.009610883029,raw_action_units,0.001186321603,0.001186321603,5.495466706,"[0.0008433927, 0.0011076264, 0.0012972575, 0.0014970102]","[7.6802959442, 5.8444361687, 4.5812911987, 3.8758523464]","[0.0064419294, 0.0081019644, 0.0098945135, 0.013979651]","[0.0077167754, 0.0049675726, 0.0076954947, 0.0003653489, 0.0008094482, 0.0004156056, 0.0452613793]",0,0.009610882602,raw_action_units,1315,42067,769564,769564,true
93,val,0.02552332559,0.02447919484,raw_action_units,0.001044130766,0.001044130766,5.812748234,"[0.0007166163, 0.0009571916, 0.0011528686, 0.001349846]","[8.1978282928, 6.1191725731, 4.8305578232, 4.1034379005]","[0.0110775791, 0.019819513, 0.028653603, 0.0377646796]","[0.0097668497, 0.0080294525, 0.0112668229, 0.0003485035, 0.0010704668, 0.0004192589, 0.1394005567]",0,0.02447919369,raw_action_units,190,6073,769564,769564,true
94,train,0.01062176563,0.009441741599,raw_action_units,0.001180024044,0.001180024044,5.549307126,"[0.0008381938, 0.0011013203, 0.0012904238, 0.0014901602]","[7.7654337883, 5.8985085487, 4.623278141, 3.9100074768]","[0.0063447477, 0.0079203183, 0.0097412122, 0.0137209594]","[0.0075576408, 0.0049259211, 0.0076045785, 0.0003697696, 0.0008106013, 0.0004174337, 0.0443366878]",0,0.009441741181,raw_action_units,1315,42067,769564,769564,true
94,val,0.02520884404,0.02417681103,raw_action_units,0.001032033067,0.001032033068,5.713572392,"[0.000695707, 0.0009386205, 0.0011479368, 0.001345868]","[8.2357854843, 6.0204291344, 4.6743922234, 3.9236900806]","[0.0109938793, 0.0202687494, 0.0281740483, 0.036841318]","[0.0095747039, 0.0078630261, 0.0098879207, 0.0003254457, 0.0010227801, 0.0004657432, 0.1393468827]",0,0.02417680998,raw_action_units,190,6073,769564,769564,true
95,train,0.01052398271,0.009342668298,raw_action_units,0.001181314407,0.001181314407,5.62011457,"[0.0008397246, 0.0011040062, 0.0012923966, 0.001489131]","[7.8669428825, 5.9801821709, 4.6806664467, 3.95266819]","[0.0062990547, 0.0077961353, 0.0095558567, 0.0136892339]","[0.0075466842, 0.0048989174, 0.0074878507, 0.0003616389, 0.0007948443, 0.0004032152, 0.0438523181]",0,0.009342667889,raw_action_units,1315,42067,769564,769564,true
95,val,0.02446063642,0.02341713025,raw_action_units,0.001043506262,0.001043506262,5.97101246,"[0.0007256647, 0.0009438723, 0.0011492177, 0.0013552702]","[8.4771690369, 6.2752423286, 4.9361195564, 4.1955180168]","[0.0109715564, 0.0191830192, 0.027332047, 0.0355990194]","[0.010405221, 0.0082163438, 0.0110747581, 0.0003079834, 0.0009509666, 0.0004437422, 0.1315008551]",0,0.02341712926,raw_action_units,190,6073,769564,769564,true
96,train,0.01043841441,0.009258696807,raw_action_units,0.001179717593,0.001179717593,5.606575617,"[0.0008405938, 0.0011022602, 0.0012896425, 0.0014863762]","[7.872335434, 5.97240448, 4.6563601494, 3.9251997471]","[0.0062161479, 0.0077539263, 0.0095347315, 0.0134998644]","[0.007555387, 0.0049034283, 0.0075705638, 0.0003624518, 0.0008338827, 0.0004098611, 0.0431226082]",0,0.009258696398,raw_action_units,1315,42067,769564,769564,true
96,val,0.02496692594,0.02391049755,raw_action_units,0.001056428271,0.001056428271,5.995939859,"[0.0007134289, 0.0009697729, 0.0011778598, 0.0013646509]","[8.613702774, 6.3268995285, 4.892364502, 4.1507940292]","[0.0115524484, 0.0192554928, 0.0276981704, 0.0366521478]","[0.0103365593, 0.0077626854, 0.0118462918, 0.000470816, 0.0008977086, 0.0005633886, 0.1346494257]",0,0.02391049655,raw_action_units,190,6073,769564,769564,true
97,train,0.0103393463,0.009161364438,raw_action_units,0.001177981867,0.001177981867,5.660201515,"[0.0008397324, 0.0011021384, 0.0012862629, 0.0014837936]","[7.9669613838, 6.0344457626, 4.6892380714, 3.9501616955]","[0.0062734317, 0.0077679208, 0.009353308, 0.0132257426]","[0.0075336532, 0.0048806882, 0.0074889911, 0.0003642958, 0.0007947459, 0.0004096565, 0.0426136255]",0,0.009161364035,raw_action_units,1315,42067,769564,769564,true
97,val,0.02433698061,0.02330497729,raw_action_units,0.001032003231,0.001032003231,5.831213003,"[0.000698481, 0.0009374801, 0.0011377661, 0.0013542855]","[8.3798484802, 6.1982178688, 4.7678275108, 3.9789533615]","[0.0107921623, 0.0189074092, 0.0268302578, 0.0361202955]","[0.0110491375, 0.0075783287, 0.0108583672, 0.0002963675, 0.0009259378, 0.0004358824, 0.1309936643]",0,0.02330497615,raw_action_units,190,6073,769564,769564,true
98,train,0.01021838549,0.009046129598,raw_action_units,0.001172255887,0.001172255887,5.701637476,"[0.0008369969, 0.0010952798, 0.0012805772, 0.001476172]","[8.0424861908, 6.0850701332, 4.7117919922, 3.9672088623]","[0.0061848192, 0.0074465671, 0.0093157161, 0.0132179921]","[0.0075617526, 0.0048933653, 0.0074410252, 0.0003637659, 0.0008080599, 0.0004044755, 0.0418164358]",0,0.009046129193,raw_action_units,1315,42067,769564,769564,true
98,val,0.02500618618,0.02391313304,raw_action_units,0.001093053165,0.001093053166,5.730593421,"[0.0007864179, 0.0010070959, 0.0012082029, 0.0013704957]","[8.3031454086, 6.0978899002, 4.6654281616, 3.8559091091]","[0.0110538555, 0.0195600688, 0.0279209577, 0.0365784913]","[0.0103190169, 0.0070398268, 0.0108675715, 0.0002925976, 0.0008512792, 0.0004137789, 0.136664331]",0,0.02391313201,raw_action_units,190,6073,769564,769564,true
99,train,0.01014109708,0.008970465791,raw_action_units,0.001170631283,0.001170631283,5.736927437,"[0.0008346788, 0.0010938535, 0.0012783419, 0.0014756508]","[8.1174449921, 6.1248292923, 4.7344055176, 3.9710271358]","[0.0060197269, 0.0075429427, 0.0092304284, 0.0130722616]","[0.0074158311, 0.0048915953, 0.0073999525, 0.0003584981, 0.0008154428, 0.0004042124, 0.0414788835]",0,0.008970465389,raw_action_units,1315,42067,769564,769564,true
99,val,0.02414311932,0.02313453476,raw_action_units,0.001008584622,0.001008584622,6.092099053,"[0.0006779158, 0.0009140861, 0.0011187694, 0.0013235675]","[8.6447496414, 6.4559569359, 5.0232429504, 4.2444491386]","[0.0106295971, 0.018690953, 0.0268901438, 0.0359249674]","[0.0101526743, 0.0074650659, 0.0107066575, 0.0003255895, 0.0008623977, 0.0005164302, 0.1312085539]",0,0.0231345337,raw_action_units,190,6073,769564,769564,true
