mode,horizon,continuous_normalized_mse,continuous_raw_mae,gripper_sign_accuracy,per_dim_mse,delta_rot_x_mse,val_demo,train_demo,variant,error_growth_slope,max_error,action_drift_norm
teacher_forced_h1,1,0.0953831896185875,0.026256168261170387,1.0,"[0.0035219858400523663, 0.0002423154510324821, 0.0015988434897735715, 0.00033862507552839816, 0.00015405695012304932, 0.00013982877135276794]",0.00033862507552839816,libero_spatial/pick_up_the_black_bowl_from_table_center_and_place_it_on_the_plate_demo.hdf5:data/demo_1,libero_spatial/pick_up_the_black_bowl_from_table_center_and_place_it_on_the_plate_demo.hdf5:data/demo_0,residual_gru_state,,,
teacher_forced_h1,5,0.08864502608776093,0.018462015315890312,1.0,"[0.0019326101755723357, 0.00038750158273614943, 0.00037166810943745077, 0.0003286487772129476, 7.183208072092384e-05, 0.00013651275367010385]",0.0003286487772129476,libero_spatial/pick_up_the_black_bowl_from_table_center_and_place_it_on_the_plate_demo.hdf5:data/demo_1,libero_spatial/pick_up_the_black_bowl_from_table_center_and_place_it_on_the_plate_demo.hdf5:data/demo_0,residual_gru_state,,,
teacher_forced_h1,10,0.056804999709129333,0.016273630782961845,1.0,"[0.0018050400540232658, 0.00066734867868945, 0.00031879672314971685, 0.0001948661811184138, 4.3172796722501516e-05, 9.177329047815874e-05]",0.0001948661811184138,libero_spatial/pick_up_the_black_bowl_from_table_center_and_place_it_on_the_plate_demo.hdf5:data/demo_1,libero_spatial/pick_up_the_black_bowl_from_table_center_and_place_it_on_the_plate_demo.hdf5:data/demo_0,residual_gru_state,,,
teacher_forced_h1,20,0.041876476258039474,0.021500492468476295,1.0,"[0.002088620327413082, 0.0023030773736536503, 0.0020422618836164474, 0.00011285491200396791, 0.0001319212169619277, 4.941904262523167e-05]",0.00011285491200396791,libero_spatial/pick_up_the_black_bowl_from_table_center_and_place_it_on_the_plate_demo.hdf5:data/demo_1,libero_spatial/pick_up_the_black_bowl_from_table_center_and_place_it_on_the_plate_demo.hdf5:data/demo_0,residual_gru_state,,,
teacher_forced_h1,40,0.07180105894804001,0.025440426543354988,0.9750000238418579,"[0.004204991273581982, 0.0025031950790435076, 0.0020741443149745464, 0.00011082430137321353, 0.00010664627188816667, 0.0001972508180188015]",0.00011082430137321353,libero_spatial/pick_up_the_black_bowl_from_table_center_and_place_it_on_the_plate_demo.hdf5:data/demo_1,libero_spatial/pick_up_the_black_bowl_from_table_center_and_place_it_on_the_plate_demo.hdf5:data/demo_0,residual_gru_state,,,
teacher_forced_h1,40,0.07180105894804001,0.025440426543354988,0.9750000238418579,"[0.004204991273581982, 0.0025031950790435076, 0.0020741443149745464, 0.00011082430137321353, 0.00010664627188816667, 0.0001972508180188015]",0.00011082430137321353,libero_spatial/pick_up_the_black_bowl_from_table_center_and_place_it_on_the_plate_demo.hdf5:data/demo_1,libero_spatial/pick_up_the_black_bowl_from_table_center_and_place_it_on_the_plate_demo.hdf5:data/demo_0,residual_gru_state,,,
teacher_forced_h1,full,0.07180105894804001,0.025440426543354988,0.9750000238418579,"[0.004204991273581982, 0.0025031950790435076, 0.0020741443149745464, 0.00011082430137321353, 0.00010664627188816667, 0.0001972508180188015]",0.00011082430137321353,libero_spatial/pick_up_the_black_bowl_from_table_center_and_place_it_on_the_plate_demo.hdf5:data/demo_1,libero_spatial/pick_up_the_black_bowl_from_table_center_and_place_it_on_the_plate_demo.hdf5:data/demo_0,residual_gru_state,0.0024397303350269794,0.41457048058509827,0.0587637722492218
autoregressive_open_loop,1,0.0953831896185875,0.026256168261170387,1.0,"[0.0035219858400523663, 0.0002423154510324821, 0.0015988434897735715, 0.00033862507552839816, 0.00015405695012304932, 0.00013982877135276794]",0.00033862507552839816,libero_spatial/pick_up_the_black_bowl_from_table_center_and_place_it_on_the_plate_demo.hdf5:data/demo_1,libero_spatial/pick_up_the_black_bowl_from_table_center_and_place_it_on_the_plate_demo.hdf5:data/demo_0,residual_gru_state,,,
autoregressive_open_loop,5,0.8156231641769409,0.036177732050418854,1.0,"[0.0039002560079097748, 0.0006439053686335683, 0.001757333055138588, 0.003225651802495122, 0.00030553049873560667, 0.0012639909982681274]",0.003225651802495122,libero_spatial/pick_up_the_black_bowl_from_table_center_and_place_it_on_the_plate_demo.hdf5:data/demo_1,libero_spatial/pick_up_the_black_bowl_from_table_center_and_place_it_on_the_plate_demo.hdf5:data/demo_0,residual_gru_state,,,
autoregressive_open_loop,10,2.1653695106506348,0.06969424337148666,0.8999999761581421,"[0.0258383397012949, 0.013103554025292397, 0.00352274626493454, 0.008275769650936127, 0.00026389508275315166, 0.00338921882212162]",0.008275769650936127,libero_spatial/pick_up_the_black_bowl_from_table_center_and_place_it_on_the_plate_demo.hdf5:data/demo_1,libero_spatial/pick_up_the_black_bowl_from_table_center_and_place_it_on_the_plate_demo.hdf5:data/demo_0,residual_gru_state,,,
autoregressive_open_loop,20,3.923267126083374,0.12184388190507889,0.44999998807907104,"[0.050393372774124146, 0.0291608814150095, 0.0761961117386818, 0.017427528277039528, 0.0015452401712536812, 0.003295399248600006]",0.017427528277039528,libero_spatial/pick_up_the_black_bowl_from_table_center_and_place_it_on_the_plate_demo.hdf5:data/demo_1,libero_spatial/pick_up_the_black_bowl_from_table_center_and_place_it_on_the_plate_demo.hdf5:data/demo_0,residual_gru_state,,,
autoregressive_open_loop,40,5.633186340332031,0.2691498398780823,0.22499999403953552,"[0.7316359281539917, 0.023178469389677048, 0.6408697962760925, 0.019696760922670364, 0.006555383559316397, 0.0020200551953166723]",0.019696760922670364,libero_spatial/pick_up_the_black_bowl_from_table_center_and_place_it_on_the_plate_demo.hdf5:data/demo_1,libero_spatial/pick_up_the_black_bowl_from_table_center_and_place_it_on_the_plate_demo.hdf5:data/demo_0,residual_gru_state,,,
autoregressive_open_loop,40,5.633186340332031,0.2691498398780823,0.22499999403953552,"[0.7316359281539917, 0.023178469389677048, 0.6408697962760925, 0.019696760922670364, 0.006555383559316397, 0.0020200551953166723]",0.019696760922670364,libero_spatial/pick_up_the_black_bowl_from_table_center_and_place_it_on_the_plate_demo.hdf5:data/demo_1,libero_spatial/pick_up_the_black_bowl_from_table_center_and_place_it_on_the_plate_demo.hdf5:data/demo_0,residual_gru_state,,,
autoregressive_open_loop,full,5.633186340332031,0.2691498398780823,0.22499999403953552,"[0.7316359281539917, 0.023178469389677048, 0.6408697962760925, 0.019696760922670364, 0.006555383559316397, 0.0020200551953166723]",0.019696760922670364,libero_spatial/pick_up_the_black_bowl_from_table_center_and_place_it_on_the_plate_demo.hdf5:data/demo_1,libero_spatial/pick_up_the_black_bowl_from_table_center_and_place_it_on_the_plate_demo.hdf5:data/demo_0,residual_gru_state,0.19208675622940063,9.232751846313477,1.742736577987671
corrupted_history_noise_0.1,10,2.273926019668579,0.07270525395870209,0.8999999761581421,"[0.028093695640563965, 0.013736764900386333, 0.004326527006924152, 0.00871349684894085, 0.000363832717994228, 0.003518126904964447]",0.00871349684894085,libero_spatial/pick_up_the_black_bowl_from_table_center_and_place_it_on_the_plate_demo.hdf5:data/demo_1,libero_spatial/pick_up_the_black_bowl_from_table_center_and_place_it_on_the_plate_demo.hdf5:data/demo_0,residual_gru_state,0.5647470951080322,5.106424808502197,
corrupted_history_noise_0.5,10,0.43378734588623047,0.06594648212194443,0.0,"[0.05024520680308342, 0.008700944483280182, 0.006947228219360113, 0.0012188224354758859, 0.00029708369402214885, 0.000571183511056006]",0.0012188224354758859,libero_spatial/pick_up_the_black_bowl_from_table_center_and_place_it_on_the_plate_demo.hdf5:data/demo_1,libero_spatial/pick_up_the_black_bowl_from_table_center_and_place_it_on_the_plate_demo.hdf5:data/demo_0,residual_gru_state,0.0670771598815918,0.817282497882843,
corrupted_history_noise_1.0,10,0.45074981451034546,0.06122368201613426,0.0,"[0.03817356377840042, 0.007328423205763102, 0.003066267119720578, 0.0011905173305422068, 0.0012536474969238043, 0.000746884208638221]",0.0011905173305422068,libero_spatial/pick_up_the_black_bowl_from_table_center_and_place_it_on_the_plate_demo.hdf5:data/demo_1,libero_spatial/pick_up_the_black_bowl_from_table_center_and_place_it_on_the_plate_demo.hdf5:data/demo_0,residual_gru_state,0.06149018555879593,0.8636333346366882,
corrupted_history_noise_2.0,10,1.7301771640777588,0.07926458865404129,1.0,"[0.028707250952720642, 0.012047430500388145, 0.015450079925358295, 0.0032002341467887163, 0.00024765371927060187, 0.005919850431382656]",0.0032002341467887163,libero_spatial/pick_up_the_black_bowl_from_table_center_and_place_it_on_the_plate_demo.hdf5:data/demo_1,libero_spatial/pick_up_the_black_bowl_from_table_center_and_place_it_on_the_plate_demo.hdf5:data/demo_0,residual_gru_state,0.3486645221710205,3.2302801609039307,
teacher_forced_h1,1,0.09709763526916504,0.039264775812625885,1.0,"[0.011033930815756321, 0.004417648538947105, 0.0010929894633591175, 0.00022436981089413166, 1.4958662177377846e-05, 0.0001481998770032078]",0.00022436981089413166,libero_spatial/pick_up_the_black_bowl_from_table_center_and_place_it_on_the_plate_demo.hdf5:data/demo_10,libero_spatial/pick_up_the_black_bowl_from_table_center_and_place_it_on_the_plate_demo.hdf5:data/demo_0,residual_gru_state,,,
teacher_forced_h1,5,0.05791235715150833,0.031452879309654236,1.0,"[0.006654913537204266, 0.006672253366559744, 0.000746147008612752, 8.547183097107336e-05, 1.1504931535455398e-05, 7.651818305021152e-05]",8.547183097107336e-05,libero_spatial/pick_up_the_black_bowl_from_table_center_and_place_it_on_the_plate_demo.hdf5:data/demo_10,libero_spatial/pick_up_the_black_bowl_from_table_center_and_place_it_on_the_plate_demo.hdf5:data/demo_0,residual_gru_state,,,
teacher_forced_h1,10,0.06111522391438484,0.027796028181910515,1.0,"[0.0034271106123924255, 0.00418753270059824, 0.002730348613113165, 8.48131749080494e-05, 1.0115612894878723e-05, 0.00015308408183045685]",8.48131749080494e-05,libero_spatial/pick_up_the_black_bowl_from_table_center_and_place_it_on_the_plate_demo.hdf5:data/demo_10,libero_spatial/pick_up_the_black_bowl_from_table_center_and_place_it_on_the_plate_demo.hdf5:data/demo_0,residual_gru_state,,,
teacher_forced_h1,20,0.07674335688352585,0.03409479930996895,1.0,"[0.008798704482614994, 0.0036094989627599716, 0.00637831399217248, 0.0001401612680638209, 4.527810961008072e-05, 0.0001289361243834719]",0.0001401612680638209,libero_spatial/pick_up_the_black_bowl_from_table_center_and_place_it_on_the_plate_demo.hdf5:data/demo_10,libero_spatial/pick_up_the_black_bowl_from_table_center_and_place_it_on_the_plate_demo.hdf5:data/demo_0,residual_gru_state,,,
teacher_forced_h1,40,0.06790285557508469,0.027120059356093407,0.949999988079071,"[0.0050852312706410885, 0.0022884125355631113, 0.0047453902661800385, 0.00017990956257563084, 0.00014274234126787633, 9.022215817822143e-05]",0.00017990956257563084,libero_spatial/pick_up_the_black_bowl_from_table_center_and_place_it_on_the_plate_demo.hdf5:data/demo_10,libero_spatial/pick_up_the_black_bowl_from_table_center_and_place_it_on_the_plate_demo.hdf5:data/demo_0,residual_gru_state,,,
teacher_forced_h1,40,0.06790285557508469,0.027120059356093407,0.949999988079071,"[0.0050852312706410885, 0.0022884125355631113, 0.0047453902661800385, 0.00017990956257563084, 0.00014274234126787633, 9.022215817822143e-05]",0.00017990956257563084,libero_spatial/pick_up_the_black_bowl_from_table_center_and_place_it_on_the_plate_demo.hdf5:data/demo_10,libero_spatial/pick_up_the_black_bowl_from_table_center_and_place_it_on_the_plate_demo.hdf5:data/demo_0,residual_gru_state,,,
teacher_forced_h1,full,0.06790285557508469,0.027120059356093407,0.949999988079071,"[0.0050852312706410885, 0.0022884125355631113, 0.0047453902661800385, 0.00017990956257563084, 0.00014274234126787633, 9.022215817822143e-05]",0.00017990956257563084,libero_spatial/pick_up_the_black_bowl_from_table_center_and_place_it_on_the_plate_demo.hdf5:data/demo_10,libero_spatial/pick_up_the_black_bowl_from_table_center_and_place_it_on_the_plate_demo.hdf5:data/demo_0,residual_gru_state,-0.0007433936116285622,0.3085108697414398,0.10230793058872223
autoregressive_open_loop,1,0.09709763526916504,0.039264775812625885,1.0,"[0.011033930815756321, 0.004417648538947105, 0.0010929894633591175, 0.00022436981089413166, 1.4958662177377846e-05, 0.0001481998770032078]",0.00022436981089413166,libero_spatial/pick_up_the_black_bowl_from_table_center_and_place_it_on_the_plate_demo.hdf5:data/demo_10,libero_spatial/pick_up_the_black_bowl_from_table_center_and_place_it_on_the_plate_demo.hdf5:data/demo_0,residual_gru_state,,,
autoregressive_open_loop,5,0.3926059305667877,0.10381811112165451,1.0,"[0.06525781005620956, 0.06850452721118927, 0.012319005094468594, 0.00044796167640015483, 0.0002161087904823944, 9.24449777812697e-05]",0.00044796167640015483,libero_spatial/pick_up_the_black_bowl_from_table_center_and_place_it_on_the_plate_demo.hdf5:data/demo_10,libero_spatial/pick_up_the_black_bowl_from_table_center_and_place_it_on_the_plate_demo.hdf5:data/demo_0,residual_gru_state,,,
autoregressive_open_loop,10,0.9440810084342957,0.13180314004421234,1.0,"[0.0443420372903347, 0.10641837120056152, 0.06315791606903076, 0.0027115046977996826, 0.0003990323166362941, 0.0003677366767078638]",0.0027115046977996826,libero_spatial/pick_up_the_black_bowl_from_table_center_and_place_it_on_the_plate_demo.hdf5:data/demo_10,libero_spatial/pick_up_the_black_bowl_from_table_center_and_place_it_on_the_plate_demo.hdf5:data/demo_0,residual_gru_state,,,
autoregressive_open_loop,20,3.3228297233581543,0.21470355987548828,1.0,"[0.2510300576686859, 0.05917692929506302, 0.42361918091773987, 0.010924620553851128, 0.00030253379372879863, 0.0030211415141820908]",0.010924620553851128,libero_spatial/pick_up_the_black_bowl_from_table_center_and_place_it_on_the_plate_demo.hdf5:data/demo_10,libero_spatial/pick_up_the_black_bowl_from_table_center_and_place_it_on_the_plate_demo.hdf5:data/demo_0,residual_gru_state,,,
autoregressive_open_loop,40,9.034170150756836,0.25168895721435547,0.800000011920929,"[0.2707361578941345, 0.0413207933306694, 0.3747811019420624, 0.0326802022755146, 0.025240367278456688, 0.01118532009422779]",0.0326802022755146,libero_spatial/pick_up_the_black_bowl_from_table_center_and_place_it_on_the_plate_demo.hdf5:data/demo_10,libero_spatial/pick_up_the_black_bowl_from_table_center_and_place_it_on_the_plate_demo.hdf5:data/demo_0,residual_gru_state,,,
autoregressive_open_loop,40,9.034170150756836,0.25168895721435547,0.800000011920929,"[0.2707361578941345, 0.0413207933306694, 0.3747811019420624, 0.0326802022755146, 0.025240367278456688, 0.01118532009422779]",0.0326802022755146,libero_spatial/pick_up_the_black_bowl_from_table_center_and_place_it_on_the_plate_demo.hdf5:data/demo_10,libero_spatial/pick_up_the_black_bowl_from_table_center_and_place_it_on_the_plate_demo.hdf5:data/demo_0,residual_gru_state,,,
autoregressive_open_loop,full,9.034170150756836,0.25168895721435547,0.800000011920929,"[0.2707361578941345, 0.0413207933306694, 0.3747811019420624, 0.0326802022755146, 0.025240367278456688, 0.01118532009422779]",0.0326802022755146,libero_spatial/pick_up_the_black_bowl_from_table_center_and_place_it_on_the_plate_demo.hdf5:data/demo_10,libero_spatial/pick_up_the_black_bowl_from_table_center_and_place_it_on_the_plate_demo.hdf5:data/demo_0,residual_gru_state,0.6331555843353271,29.36247444152832,0.6723670959472656
corrupted_history_noise_0.1,10,0.9985299706459045,0.13620953261852264,1.0,"[0.04713000729680061, 0.11341969668865204, 0.06559176743030548, 0.0027839166577905416, 0.00041513919131830335, 0.0004618327657226473]",0.0027839166577905416,libero_spatial/pick_up_the_black_bowl_from_table_center_and_place_it_on_the_plate_demo.hdf5:data/demo_10,libero_spatial/pick_up_the_black_bowl_from_table_center_and_place_it_on_the_plate_demo.hdf5:data/demo_0,residual_gru_state,0.23203249275684357,2.2315616607666016,
corrupted_history_noise_0.5,10,0.36401039361953735,0.09772482514381409,1.0,"[0.04165869206190109, 0.0756547823548317, 0.0074397968128323555, 0.0002686568477656692, 0.002441247459501028, 3.2008443668019027e-05]",0.0002686568477656692,libero_spatial/pick_up_the_black_bowl_from_table_center_and_place_it_on_the_plate_demo.hdf5:data/demo_10,libero_spatial/pick_up_the_black_bowl_from_table_center_and_place_it_on_the_plate_demo.hdf5:data/demo_0,residual_gru_state,0.03512581065297127,0.47663208842277527,
corrupted_history_noise_1.0,10,0.47646719217300415,0.12231114506721497,1.0,"[0.1057363972067833, 0.09374810755252838, 0.007542598992586136, 0.00010369314259150997, 0.0014785969397053123, 6.52166418149136e-05]",0.00010369314259150997,libero_spatial/pick_up_the_black_bowl_from_table_center_and_place_it_on_the_plate_demo.hdf5:data/demo_10,libero_spatial/pick_up_the_black_bowl_from_table_center_and_place_it_on_the_plate_demo.hdf5:data/demo_0,residual_gru_state,0.023658225312829018,0.6371527314186096,
corrupted_history_noise_2.0,10,0.8940357565879822,0.19621865451335907,0.20000000298023224,"[0.21774420142173767, 0.022419312968850136, 0.23679868876934052, 0.0008809340070001781, 0.00425980007275939, 0.0005696135340258479]",0.0008809340070001781,libero_spatial/pick_up_the_black_bowl_from_table_center_and_place_it_on_the_plate_demo.hdf5:data/demo_10,libero_spatial/pick_up_the_black_bowl_from_table_center_and_place_it_on_the_plate_demo.hdf5:data/demo_0,residual_gru_state,0.027584258466959,1.2552294731140137,
teacher_forced_h1,1,0.02741301991045475,0.01524229347705841,1.0,"[0.0026830313727259636, 0.00017916415526997298, 0.00010133408068213612, 0.00011924329010071233, 7.359886240010383e-06, 6.611610842810478e-06]",0.00011924329010071233,libero_spatial/pick_up_the_black_bowl_from_table_center_and_place_it_on_the_plate_demo.hdf5:data/demo_11,libero_spatial/pick_up_the_black_bowl_from_table_center_and_place_it_on_the_plate_demo.hdf5:data/demo_0,residual_gru_state,,,
teacher_forced_h1,5,0.02211408130824566,0.023201556876301765,1.0,"[0.0020565881859511137, 0.0017717061564326286, 0.0036032884381711483, 4.258236367604695e-05, 1.2878755114797968e-05, 2.2637850634055212e-05]",4.258236367604695e-05,libero_spatial/pick_up_the_black_bowl_from_table_center_and_place_it_on_the_plate_demo.hdf5:data/demo_11,libero_spatial/pick_up_the_black_bowl_from_table_center_and_place_it_on_the_plate_demo.hdf5:data/demo_0,residual_gru_state,,,
teacher_forced_h1,10,0.08346223086118698,0.023165803402662277,1.0,"[0.0016134533798322082, 0.0011819021310657263, 0.0029821323696523905, 0.00022680297843180597, 9.468385542277247e-05, 0.00018817352247424424]",0.00022680297843180597,libero_spatial/pick_up_the_black_bowl_from_table_center_and_place_it_on_the_plate_demo.hdf5:data/demo_11,libero_spatial/pick_up_the_black_bowl_from_table_center_and_place_it_on_the_plate_demo.hdf5:data/demo_0,residual_gru_state,,,
teacher_forced_h1,20,0.15409864485263824,0.027653422206640244,1.0,"[0.002870207652449608, 0.0008159894496202469, 0.0025903680361807346, 0.0005096466629765928, 0.00036484948941506445, 0.0002713299763854593]",0.0005096466629765928,libero_spatial/pick_up_the_black_bowl_from_table_center_and_place_it_on_the_plate_demo.hdf5:data/demo_11,libero_spatial/pick_up_the_black_bowl_from_table_center_and_place_it_on_the_plate_demo.hdf5:data/demo_0,residual_gru_state,,,
teacher_forced_h1,40,0.10588448494672775,0.024214616045355797,0.949999988079071,"[0.0019528688862919807, 0.0005748174735344946, 0.00334080564789474, 0.00032591327908448875, 0.0001887343532871455, 0.00021055896650068462]",0.00032591327908448875,libero_spatial/pick_up_the_black_bowl_from_table_center_and_place_it_on_the_plate_demo.hdf5:data/demo_11,libero_spatial/pick_up_the_black_bowl_from_table_center_and_place_it_on_the_plate_demo.hdf5:data/demo_0,residual_gru_state,,,
teacher_forced_h1,40,0.10588448494672775,0.024214616045355797,0.949999988079071,"[0.0019528688862919807, 0.0005748174735344946, 0.00334080564789474, 0.00032591327908448875, 0.0001887343532871455, 0.00021055896650068462]",0.00032591327908448875,libero_spatial/pick_up_the_black_bowl_from_table_center_and_place_it_on_the_plate_demo.hdf5:data/demo_11,libero_spatial/pick_up_the_black_bowl_from_table_center_and_place_it_on_the_plate_demo.hdf5:data/demo_0,residual_gru_state,,,
teacher_forced_h1,full,0.10588448494672775,0.024214616045355797,0.949999988079071,"[0.0019528688862919807, 0.0005748174735344946, 0.00334080564789474, 0.00032591327908448875, 0.0001887343532871455, 0.00021055896650068462]",0.00032591327908448875,libero_spatial/pick_up_the_black_bowl_from_table_center_and_place_it_on_the_plate_demo.hdf5:data/demo_11,libero_spatial/pick_up_the_black_bowl_from_table_center_and_place_it_on_the_plate_demo.hdf5:data/demo_0,residual_gru_state,-0.0020397999323904514,0.3181861340999603,0.10619807988405228
autoregressive_open_loop,1,0.02741301991045475,0.01524229347705841,1.0,"[0.0026830313727259636, 0.00017916415526997298, 0.00010133408068213612, 0.00011924329010071233, 7.359886240010383e-06, 6.611610842810478e-06]",0.00011924329010071233,libero_spatial/pick_up_the_black_bowl_from_table_center_and_place_it_on_the_plate_demo.hdf5:data/demo_11,libero_spatial/pick_up_the_black_bowl_from_table_center_and_place_it_on_the_plate_demo.hdf5:data/demo_0,residual_gru_state,,,
autoregressive_open_loop,5,0.1932552307844162,0.051394980400800705,1.0,"[0.01577821746468544, 0.005706203635782003, 0.016954531893134117, 0.0007269186899065971, 9.34321269596694e-06, 7.000294863246381e-05]",0.0007269186899065971,libero_spatial/pick_up_the_black_bowl_from_table_center_and_place_it_on_the_plate_demo.hdf5:data/demo_11,libero_spatial/pick_up_the_black_bowl_from_table_center_and_place_it_on_the_plate_demo.hdf5:data/demo_0,residual_gru_state,,,
autoregressive_open_loop,10,0.5648895502090454,0.10606629401445389,1.0,"[0.016949830576777458, 0.025259125977754593, 0.1576293408870697, 0.0014988224720582366, 0.0011330436682328582, 0.0004806764773093164]",0.0014988224720582366,libero_spatial/pick_up_the_black_bowl_from_table_center_and_place_it_on_the_plate_demo.hdf5:data/demo_11,libero_spatial/pick_up_the_black_bowl_from_table_center_and_place_it_on_the_plate_demo.hdf5:data/demo_0,residual_gru_state,,,
autoregressive_open_loop,20,1.1614843606948853,0.17903073132038116,1.0,"[0.1442287713289261, 0.040279120206832886, 0.2807987332344055, 0.001975661376491189, 0.0028680290561169386, 0.0013561524683609605]",0.001975661376491189,libero_spatial/pick_up_the_black_bowl_from_table_center_and_place_it_on_the_plate_demo.hdf5:data/demo_11,libero_spatial/pick_up_the_black_bowl_from_table_center_and_place_it_on_the_plate_demo.hdf5:data/demo_0,residual_gru_state,,,
autoregressive_open_loop,40,1.5197385549545288,0.2174193412065506,0.699999988079071,"[0.26642611622810364, 0.04700031131505966, 0.3924185335636139, 0.00297795538790524, 0.0017033470794558525, 0.0008699154714122415]",0.00297795538790524,libero_spatial/pick_up_the_black_bowl_from_table_center_and_place_it_on_the_plate_demo.hdf5:data/demo_11,libero_spatial/pick_up_the_black_bowl_from_table_center_and_place_it_on_the_plate_demo.hdf5:data/demo_0,residual_gru_state,,,
autoregressive_open_loop,40,1.5197385549545288,0.2174193412065506,0.699999988079071,"[0.26642611622810364, 0.04700031131505966, 0.3924185335636139, 0.00297795538790524, 0.0017033470794558525, 0.0008699154714122415]",0.00297795538790524,libero_spatial/pick_up_the_black_bowl_from_table_center_and_place_it_on_the_plate_demo.hdf5:data/demo_11,libero_spatial/pick_up_the_black_bowl_from_table_center_and_place_it_on_the_plate_demo.hdf5:data/demo_0,residual_gru_state,,,
autoregressive_open_loop,full,1.5197385549545288,0.2174193412065506,0.699999988079071,"[0.26642611622810364, 0.04700031131505966, 0.3924185335636139, 0.00297795538790524, 0.0017033470794558525, 0.0008699154714122415]",0.00297795538790524,libero_spatial/pick_up_the_black_bowl_from_table_center_and_place_it_on_the_plate_demo.hdf5:data/demo_11,libero_spatial/pick_up_the_black_bowl_from_table_center_and_place_it_on_the_plate_demo.hdf5:data/demo_0,residual_gru_state,0.041501421481370926,2.4146409034729004,0.7659532427787781
corrupted_history_noise_0.1,10,0.5534800291061401,0.10530650615692139,1.0,"[0.01726621389389038, 0.025652635842561722, 0.15312714874744415, 0.0014921484980732203, 0.0010746619664132595, 0.00043667509453371167]",0.0014921484980732203,libero_spatial/pick_up_the_black_bowl_from_table_center_and_place_it_on_the_plate_demo.hdf5:data/demo_11,libero_spatial/pick_up_the_black_bowl_from_table_center_and_place_it_on_the_plate_demo.hdf5:data/demo_0,residual_gru_state,0.14792057871818542,1.317038893699646,
corrupted_history_noise_0.5,10,0.5835908055305481,0.10281281173229218,1.0,"[0.015763549134135246, 0.02404775097966194, 0.14275774359703064, 0.0013266382738947868, 0.0012760998215526342, 0.0008203360484912992]",0.0013266382738947868,libero_spatial/pick_up_the_black_bowl_from_table_center_and_place_it_on_the_plate_demo.hdf5:data/demo_11,libero_spatial/pick_up_the_black_bowl_from_table_center_and_place_it_on_the_plate_demo.hdf5:data/demo_0,residual_gru_state,0.15883710980415344,1.4724150896072388,
corrupted_history_noise_1.0,10,0.9147628545761108,0.11725066602230072,1.0,"[0.018563028424978256, 0.01649853214621544, 0.1972789764404297, 0.002547252457588911, 0.0012267888523638248, 0.0013509371783584356]",0.002547252457588911,libero_spatial/pick_up_the_black_bowl_from_table_center_and_place_it_on_the_plate_demo.hdf5:data/demo_11,libero_spatial/pick_up_the_black_bowl_from_table_center_and_place_it_on_the_plate_demo.hdf5:data/demo_0,residual_gru_state,0.2320868819952011,2.1194937229156494,
corrupted_history_noise_2.0,10,0.4856134355068207,0.07678000628948212,0.0,"[0.01888970471918583, 0.0036324455868452787, 0.08496270328760147, 0.0010269435588270426, 0.0009865898173302412, 0.00106712500564754]",0.0010269435588270426,libero_spatial/pick_up_the_black_bowl_from_table_center_and_place_it_on_the_plate_demo.hdf5:data/demo_11,libero_spatial/pick_up_the_black_bowl_from_table_center_and_place_it_on_the_plate_demo.hdf5:data/demo_0,residual_gru_state,0.15355287492275238,1.588141918182373,
teacher_forced_h1,1,0.08042029291391373,0.016321800649166107,1.0,"[6.49281864752993e-05, 0.00010680106788640842, 0.002339923521503806, 0.0003379709960427135, 7.231223207782023e-06, 0.00010186272265855223]",0.0003379709960427135,libero_spatial/pick_up_the_black_bowl_from_table_center_and_place_it_on_the_plate_demo.hdf5:data/demo_12,libero_spatial/pick_up_the_black_bowl_from_table_center_and_place_it_on_the_plate_demo.hdf5:data/demo_0,residual_gru_state,,,
teacher_forced_h1,5,0.08428047597408295,0.03228089213371277,1.0,"[0.008612360805273056, 0.006403377745300531, 0.0008306684903800488, 0.00023560253612231463, 7.179915701271966e-05, 5.515647353604436e-05]",0.00023560253612231463,libero_spatial/pick_up_the_black_bowl_from_table_center_and_place_it_on_the_plate_demo.hdf5:data/demo_12,libero_spatial/pick_up_the_black_bowl_from_table_center_and_place_it_on_the_plate_demo.hdf5:data/demo_0,residual_gru_state,,,
teacher_forced_h1,10,0.08414950221776962,0.02768915519118309,1.0,"[0.004598638974130154, 0.0047953324392437935, 0.0019685192964971066, 0.00030626822263002396, 6.925025081727654e-05, 4.068090129294433e-05]",0.00030626822263002396,libero_spatial/pick_up_the_black_bowl_from_table_center_and_place_it_on_the_plate_demo.hdf5:data/demo_12,libero_spatial/pick_up_the_black_bowl_from_table_center_and_place_it_on_the_plate_demo.hdf5:data/demo_0,residual_gru_state,,,
teacher_forced_h1,20,0.1064499095082283,0.029923047870397568,1.0,"[0.003835675772279501, 0.003966978285461664, 0.0030785526614636183, 0.0004399931931402534, 0.00017776750610210001, 3.7554087612079456e-05]",0.0004399931931402534,libero_spatial/pick_up_the_black_bowl_from_table_center_and_place_it_on_the_plate_demo.hdf5:data/demo_12,libero_spatial/pick_up_the_black_bowl_from_table_center_and_place_it_on_the_plate_demo.hdf5:data/demo_0,residual_gru_state,,,
teacher_forced_h1,40,0.07574013620615005,0.026669641956686974,0.9750000238418579,"[0.004611584357917309, 0.0022518811747431755, 0.0027551378589123487, 0.0002725694212131202, 0.00016132937162183225, 5.253533527138643e-05]",0.0002725694212131202,libero_spatial/pick_up_the_black_bowl_from_table_center_and_place_it_on_the_plate_demo.hdf5:data/demo_12,libero_spatial/pick_up_the_black_bowl_from_table_center_and_place_it_on_the_plate_demo.hdf5:data/demo_0,residual_gru_state,,,
teacher_forced_h1,40,0.07574013620615005,0.026669641956686974,0.9750000238418579,"[0.004611584357917309, 0.0022518811747431755, 0.0027551378589123487, 0.0002725694212131202, 0.00016132937162183225, 5.253533527138643e-05]",0.0002725694212131202,libero_spatial/pick_up_the_black_bowl_from_table_center_and_place_it_on_the_plate_demo.hdf5:data/demo_12,libero_spatial/pick_up_the_black_bowl_from_table_center_and_place_it_on_the_plate_demo.hdf5:data/demo_0,residual_gru_state,,,
teacher_forced_h1,full,0.07574013620615005,0.026669641956686974,0.9750000238418579,"[0.004611584357917309, 0.0022518811747431755, 0.0027551378589123487, 0.0002725694212131202, 0.00016132937162183225, 5.253533527138643e-05]",0.0002725694212131202,libero_spatial/pick_up_the_black_bowl_from_table_center_and_place_it_on_the_plate_demo.hdf5:data/demo_12,libero_spatial/pick_up_the_black_bowl_from_table_center_and_place_it_on_the_plate_demo.hdf5:data/demo_0,residual_gru_state,-0.001556543866172433,0.23106789588928223,0.052256207913160324
autoregressive_open_loop,1,0.08042029291391373,0.016321800649166107,1.0,"[6.49281864752993e-05, 0.00010680106788640842, 0.002339923521503806, 0.0003379709960427135, 7.231223207782023e-06, 0.00010186272265855223]",0.0003379709960427135,libero_spatial/pick_up_the_black_bowl_from_table_center_and_place_it_on_the_plate_demo.hdf5:data/demo_12,libero_spatial/pick_up_the_black_bowl_from_table_center_and_place_it_on_the_plate_demo.hdf5:data/demo_0,residual_gru_state,,,
autoregressive_open_loop,5,0.90172278881073,0.0772349014878273,1.0,"[0.044627003371715546, 0.025569433346390724, 0.011067194864153862, 0.003132108598947525, 0.00020844300161115825, 0.0010815842542797327]",0.003132108598947525,libero_spatial/pick_up_the_black_bowl_from_table_center_and_place_it_on_the_plate_demo.hdf5:data/demo_12,libero_spatial/pick_up_the_black_bowl_from_table_center_and_place_it_on_the_plate_demo.hdf5:data/demo_0,residual_gru_state,,,
autoregressive_open_loop,10,2.1526739597320557,0.14468996226787567,1.0,"[0.10195604711771011, 0.0704951137304306, 0.07161165773868561, 0.005569883156567812, 0.0004059593193233013, 0.004213306121528149]",0.005569883156567812,libero_spatial/pick_up_the_black_bowl_from_table_center_and_place_it_on_the_plate_demo.hdf5:data/demo_12,libero_spatial/pick_up_the_black_bowl_from_table_center_and_place_it_on_the_plate_demo.hdf5:data/demo_0,residual_gru_state,,,
autoregressive_open_loop,20,9.011204719543457,0.2397320717573166,1.0,"[0.23602566123008728, 0.03971537575125694, 0.5299276113510132, 0.030375957489013672, 0.0011503624264150858, 0.0153477368876338]",0.030375957489013672,libero_spatial/pick_up_the_black_bowl_from_table_center_and_place_it_on_the_plate_demo.hdf5:data/demo_12,libero_spatial/pick_up_the_black_bowl_from_table_center_and_place_it_on_the_plate_demo.hdf5:data/demo_0,residual_gru_state,,,
autoregressive_open_loop,40,17.553903579711914,0.30833882093429565,0.824999988079071,"[0.5699677467346191, 0.031032562255859375, 0.496058851480484, 0.06163433939218521, 0.0051708100363612175, 0.028749292716383934]",0.06163433939218521,libero_spatial/pick_up_the_black_bowl_from_table_center_and_place_it_on_the_plate_demo.hdf5:data/demo_12,libero_spatial/pick_up_the_black_bowl_from_table_center_and_place_it_on_the_plate_demo.hdf5:data/demo_0,residual_gru_state,,,
autoregressive_open_loop,40,17.553903579711914,0.30833882093429565,0.824999988079071,"[0.5699677467346191, 0.031032562255859375, 0.496058851480484, 0.06163433939218521, 0.0051708100363612175, 0.028749292716383934]",0.06163433939218521,libero_spatial/pick_up_the_black_bowl_from_table_center_and_place_it_on_the_plate_demo.hdf5:data/demo_12,libero_spatial/pick_up_the_black_bowl_from_table_center_and_place_it_on_the_plate_demo.hdf5:data/demo_0,residual_gru_state,,,
autoregressive_open_loop,full,17.553903579711914,0.30833882093429565,0.824999988079071,"[0.5699677467346191, 0.031032562255859375, 0.496058851480484, 0.06163433939218521, 0.0051708100363612175, 0.028749292716383934]",0.06163433939218521,libero_spatial/pick_up_the_black_bowl_from_table_center_and_place_it_on_the_plate_demo.hdf5:data/demo_12,libero_spatial/pick_up_the_black_bowl_from_table_center_and_place_it_on_the_plate_demo.hdf5:data/demo_0,residual_gru_state,0.7809779047966003,30.913291931152344,0.7873573303222656
corrupted_history_noise_0.1,10,2.181025266647339,0.14354832470417023,1.0,"[0.09973490238189697, 0.07122313231229782, 0.06862150877714157, 0.005759799387305975, 0.000437385227996856, 0.004200628958642483]",0.005759799387305975,libero_spatial/pick_up_the_black_bowl_from_table_center_and_place_it_on_the_plate_demo.hdf5:data/demo_12,libero_spatial/pick_up_the_black_bowl_from_table_center_and_place_it_on_the_plate_demo.hdf5:data/demo_0,residual_gru_state,0.5333247184753418,5.374822616577148,
corrupted_history_noise_0.5,10,1.7445204257965088,0.146029531955719,1.0,"[0.13604672253131866, 0.06437504291534424, 0.06702620536088943, 0.00424834294244647, 0.00034564334782771766, 0.003055067965760827]",0.00424834294244647,libero_spatial/pick_up_the_black_bowl_from_table_center_and_place_it_on_the_plate_demo.hdf5:data/demo_12,libero_spatial/pick_up_the_black_bowl_from_table_center_and_place_it_on_the_plate_demo.hdf5:data/demo_0,residual_gru_state,0.46427345275878906,4.598393440246582,
corrupted_history_noise_1.0,10,1.3226510286331177,0.16824503242969513,0.0,"[0.29408371448516846, 0.060835354030132294, 0.0754629448056221, 0.0028100586496293545, 0.0014920003013685346, 0.0006206659600138664]",0.0028100586496293545,libero_spatial/pick_up_the_black_bowl_from_table_center_and_place_it_on_the_plate_demo.hdf5:data/demo_12,libero_spatial/pick_up_the_black_bowl_from_table_center_and_place_it_on_the_plate_demo.hdf5:data/demo_0,residual_gru_state,0.3303210437297821,2.5963499546051025,
corrupted_history_noise_2.0,10,0.9971489310264587,0.1388326734304428,1.0,"[0.18884801864624023, 0.0877387523651123, 0.018532589077949524, 0.0016007411759346724, 0.00015109828382264823, 0.0008947502938099205]",0.0016007411759346724,libero_spatial/pick_up_the_black_bowl_from_table_center_and_place_it_on_the_plate_demo.hdf5:data/demo_12,libero_spatial/pick_up_the_black_bowl_from_table_center_and_place_it_on_the_plate_demo.hdf5:data/demo_0,residual_gru_state,0.17660082876682281,1.736944317817688,
teacher_forced_h1,1,0.08704780787229538,0.037981294095516205,1.0,"[0.0021465769968926907, 0.016566012054681778, 0.0005109640769660473, 0.00011366623948561028, 9.00810700841248e-05, 0.00010181871766690165]",0.00011366623948561028,libero_spatial/pick_up_the_black_bowl_from_table_center_and_place_it_on_the_plate_demo.hdf5:data/demo_13,libero_spatial/pick_up_the_black_bowl_from_table_center_and_place_it_on_the_plate_demo.hdf5:data/demo_0,residual_gru_state,,,
teacher_forced_h1,5,0.0825493335723877,0.027192236855626106,1.0,"[0.003035191912204027, 0.0054426961578428745, 0.0004398705787025392, 8.973220974439755e-05, 9.661410877015442e-05, 0.00025233448832295835]",8.973220974439755e-05,libero_spatial/pick_up_the_black_bowl_from_table_center_and_place_it_on_the_plate_demo.hdf5:data/demo_13,libero_spatial/pick_up_the_black_bowl_from_table_center_and_place_it_on_the_plate_demo.hdf5:data/demo_0,residual_gru_state,,,
teacher_forced_h1,10,0.09553728252649307,0.027630459517240524,1.0,"[0.002835530089214444, 0.0032401010394096375, 0.0025110305286943913, 9.376583329867572e-05, 0.00011655835987767205, 0.00034472253173589706]",9.376583329867572e-05,libero_spatial/pick_up_the_black_bowl_from_table_center_and_place_it_on_the_plate_demo.hdf5:data/demo_13,libero_spatial/pick_up_the_black_bowl_from_table_center_and_place_it_on_the_plate_demo.hdf5:data/demo_0,residual_gru_state,,,
teacher_forced_h1,20,0.1683129370212555,0.02936532348394394,1.0,"[0.002948821522295475, 0.003324150340631604, 0.002548192860558629, 0.0006410203641280532, 9.185826638713479e-05, 0.00020939037494827062]",0.0006410203641280532,libero_spatial/pick_up_the_black_bowl_from_table_center_and_place_it_on_the_plate_demo.hdf5:data/demo_13,libero_spatial/pick_up_the_black_bowl_from_table_center_and_place_it_on_the_plate_demo.hdf5:data/demo_0,residual_gru_state,,,
teacher_forced_h1,40,0.14577177166938782,0.02781335450708866,0.949999988079071,"[0.0017789279809221625, 0.0022943865042179823, 0.0039862701669335365, 0.0004875953309237957, 0.00012901316222269088, 0.0002524330629967153]",0.0004875953309237957,libero_spatial/pick_up_the_black_bowl_from_table_center_and_place_it_on_the_plate_demo.hdf5:data/demo_13,libero_spatial/pick_up_the_black_bowl_from_table_center_and_place_it_on_the_plate_demo.hdf5:data/demo_0,residual_gru_state,,,
teacher_forced_h1,40,0.14577177166938782,0.02781335450708866,0.949999988079071,"[0.0017789279809221625, 0.0022943865042179823, 0.0039862701669335365, 0.0004875953309237957, 0.00012901316222269088, 0.0002524330629967153]",0.0004875953309237957,libero_spatial/pick_up_the_black_bowl_from_table_center_and_place_it_on_the_plate_demo.hdf5:data/demo_13,libero_spatial/pick_up_the_black_bowl_from_table_center_and_place_it_on_the_plate_demo.hdf5:data/demo_0,residual_gru_state,,,
teacher_forced_h1,full,0.14577177166938782,0.02781335450708866,0.949999988079071,"[0.0017789279809221625, 0.0022943865042179823, 0.0039862701669335365, 0.0004875953309237957, 0.00012901316222269088, 0.0002524330629967153]",0.0004875953309237957,libero_spatial/pick_up_the_black_bowl_from_table_center_and_place_it_on_the_plate_demo.hdf5:data/demo_13,libero_spatial/pick_up_the_black_bowl_from_table_center_and_place_it_on_the_plate_demo.hdf5:data/demo_0,residual_gru_state,-0.001719360239803791,0.4412921369075775,0.10721822828054428
autoregressive_open_loop,1,0.08704780787229538,0.037981294095516205,1.0,"[0.0021465769968926907, 0.016566012054681778, 0.0005109640769660473, 0.00011366623948561028, 9.00810700841248e-05, 0.00010181871766690165]",0.00011366623948561028,libero_spatial/pick_up_the_black_bowl_from_table_center_and_place_it_on_the_plate_demo.hdf5:data/demo_13,libero_spatial/pick_up_the_black_bowl_from_table_center_and_place_it_on_the_plate_demo.hdf5:data/demo_0,residual_gru_state,,,
autoregressive_open_loop,5,0.21218061447143555,0.06261703372001648,1.0,"[0.00919823907315731, 0.05588753893971443, 0.0007629124447703362, 5.681053880834952e-05, 0.00020819487690459937, 0.00020816612232010812]",5.681053880834952e-05,libero_spatial/pick_up_the_black_bowl_from_table_center_and_place_it_on_the_plate_demo.hdf5:data/demo_13,libero_spatial/pick_up_the_black_bowl_from_table_center_and_place_it_on_the_plate_demo.hdf5:data/demo_0,residual_gru_state,,,
autoregressive_open_loop,10,0.8442095518112183,0.07794072479009628,1.0,"[0.01635027304291725, 0.049593113362789154, 0.002347667934373021, 0.0023748106323182583, 0.0014439511578530073, 0.0013334976974874735]",0.0023748106323182583,libero_spatial/pick_up_the_black_bowl_from_table_center_and_place_it_on_the_plate_demo.hdf5:data/demo_13,libero_spatial/pick_up_the_black_bowl_from_table_center_and_place_it_on_the_plate_demo.hdf5:data/demo_0,residual_gru_state,,,
autoregressive_open_loop,20,5.580545902252197,0.125465989112854,1.0,"[0.04984426498413086, 0.034586772322654724, 0.03599113970994949, 0.024166781455278397, 0.0058698495849967, 0.005509304814040661]",0.024166781455278397,libero_spatial/pick_up_the_black_bowl_from_table_center_and_place_it_on_the_plate_demo.hdf5:data/demo_13,libero_spatial/pick_up_the_black_bowl_from_table_center_and_place_it_on_the_plate_demo.hdf5:data/demo_0,residual_gru_state,,,
autoregressive_open_loop,40,12.74524211883545,0.21495647728443146,0.75,"[0.19868206977844238, 0.025685284286737442, 0.2309623509645462, 0.0573405995965004, 0.026146218180656433, 0.00877479650080204]",0.0573405995965004,libero_spatial/pick_up_the_black_bowl_from_table_center_and_place_it_on_the_plate_demo.hdf5:data/demo_13,libero_spatial/pick_up_the_black_bowl_from_table_center_and_place_it_on_the_plate_demo.hdf5:data/demo_0,residual_gru_state,,,
autoregressive_open_loop,40,12.74524211883545,0.21495647728443146,0.75,"[0.19868206977844238, 0.025685284286737442, 0.2309623509645462, 0.0573405995965004, 0.026146218180656433, 0.00877479650080204]",0.0573405995965004,libero_spatial/pick_up_the_black_bowl_from_table_center_and_place_it_on_the_plate_demo.hdf5:data/demo_13,libero_spatial/pick_up_the_black_bowl_from_table_center_and_place_it_on_the_plate_demo.hdf5:data/demo_0,residual_gru_state,,,
autoregressive_open_loop,full,12.74524211883545,0.21495647728443146,0.75,"[0.19868206977844238, 0.025685284286737442, 0.2309623509645462, 0.0573405995965004, 0.026146218180656433, 0.00877479650080204]",0.0573405995965004,libero_spatial/pick_up_the_black_bowl_from_table_center_and_place_it_on_the_plate_demo.hdf5:data/demo_13,libero_spatial/pick_up_the_black_bowl_from_table_center_and_place_it_on_the_plate_demo.hdf5:data/demo_0,residual_gru_state,0.7690288424491882,29.05913543701172,0.6624370813369751
corrupted_history_noise_0.1,10,0.7622330784797668,0.07946387678384781,1.0,"[0.019119931384921074, 0.050845302641391754, 0.0023778160102665424, 0.0021905326284468174, 0.001343368086963892, 0.0010270618367940187]",0.0021905326284468174,libero_spatial/pick_up_the_black_bowl_from_table_center_and_place_it_on_the_plate_demo.hdf5:data/demo_13,libero_spatial/pick_up_the_black_bowl_from_table_center_and_place_it_on_the_plate_demo.hdf5:data/demo_0,residual_gru_state,0.23897112905979156,2.4511570930480957,
corrupted_history_noise_0.5,10,0.97572261095047,0.0827290266752243,1.0,"[0.021259820088744164, 0.052295953035354614, 0.002752165077254176, 0.0029078363440930843, 0.0014779834309592843, 0.0014494408387690783]",0.0029078363440930843,libero_spatial/pick_up_the_black_bowl_from_table_center_and_place_it_on_the_plate_demo.hdf5:data/demo_13,libero_spatial/pick_up_the_black_bowl_from_table_center_and_place_it_on_the_plate_demo.hdf5:data/demo_0,residual_gru_state,0.3088754713535309,2.9908740520477295,
corrupted_history_noise_1.0,10,0.6215746402740479,0.07928875833749771,1.0,"[0.015773002058267593, 0.033778659999370575, 0.014339052140712738, 0.0006065916386432946, 0.0031127072870731354, 0.0018765894928947091]",0.0006065916386432946,libero_spatial/pick_up_the_black_bowl_from_table_center_and_place_it_on_the_plate_demo.hdf5:data/demo_13,libero_spatial/pick_up_the_black_bowl_from_table_center_and_place_it_on_the_plate_demo.hdf5:data/demo_0,residual_gru_state,0.16832312941551208,1.8470779657363892,
corrupted_history_noise_2.0,10,0.5673059821128845,0.08735643327236176,1.0,"[0.013463241048157215, 0.05317114666104317, 0.012081761844456196, 0.0013657804811373353, 0.0032174251973628998, 0.0005694460705853999]",0.0013657804811373353,libero_spatial/pick_up_the_black_bowl_from_table_center_and_place_it_on_the_plate_demo.hdf5:data/demo_13,libero_spatial/pick_up_the_black_bowl_from_table_center_and_place_it_on_the_plate_demo.hdf5:data/demo_0,residual_gru_state,0.1527450829744339,1.713712215423584,
