epoch,split,action_mse,action_loss,continuous_mse,gripper_mse,mse_h0,mse_h1,mse_h2,mse_h3
0,train,0.3568867501758394,0.35688674449920654,,,0.07632171362638474,0.07910357415676117,0.0707802101969719,0.07676997780799866
0,val,0.23000478176843553,0.2300047849615415,0.11067310829336445,0.9459946155548096,0.04307369515299797,0.03487930819392204,0.046278879046440125,0.0466914176940918
1,train,0.2230362892150879,0.22303628424803415,,,0.07193104922771454,0.08072315156459808,0.08875808119773865,0.08553251624107361
1,val,0.19769010657355898,0.19769010444482168,0.09120858522752921,0.8365791440010071,0.053807515650987625,0.04395756497979164,0.04759889841079712,0.06260060518980026
2,train,0.20042084512256442,0.20042084654172262,,,0.06795356422662735,0.06569742411375046,0.07515490800142288,0.07217354327440262
2,val,0.18292022319067092,0.18292022248109183,0.07901194784790277,0.806369960308075,0.03709704056382179,0.06219238415360451,0.04427168145775795,0.05390462279319763
3,train,0.1805191153571719,0.18051911890506744,,,0.05012565851211548,0.06431470066308975,0.06095065176486969,0.05953982472419739
3,val,0.1667293111483256,0.16672930618127188,0.07329029667501648,0.7273634076118469,0.028298793360590935,0.04276856407523155,0.04591891169548035,0.0394701324403286
4,train,0.16365217311041697,0.16365216672420502,,,0.04542461410164833,0.04834291711449623,0.04915214702486992,0.04670295491814613
4,val,0.15333484468005953,0.15333484609921774,0.0679524838924408,0.665628969669342,0.02398221381008625,0.02816256321966648,0.038420069962739944,0.035658638924360275
5,train,0.15086295207341513,0.1508629471063614,,,0.03816484287381172,0.04394478723406792,0.0432523749768734,0.04926653206348419
5,val,0.13398415985561551,0.13398416340351105,0.06387355551123619,0.5546478033065796,0.025824373587965965,0.02491617389023304,0.03636818751692772,0.0409664623439312
6,train,0.13068527834756033,0.13068527976671854,,,0.03178106248378754,0.03577503189444542,0.04307820275425911,0.05027115345001221
6,val,0.11015195222128005,0.11015195399522781,0.05642562281961242,0.4325098991394043,0.025533420965075493,0.026270290836691856,0.031612444669008255,0.03998716548085213
7,train,0.1067381359281994,0.10673813273509343,,,0.024130843579769135,0.03952682018280029,0.04007727652788162,0.04285246133804321
7,val,0.08801517883936565,0.08801517883936565,0.05047119967639446,0.31327903270721436,0.02295570820569992,0.026199212297797203,0.03446820005774498,0.033928439021110535
8,train,0.0860455348378136,0.0860455334186554,,,0.019353698939085007,0.02725640870630741,0.027079172432422638,0.03252724930644035
8,val,0.0745344048454648,0.07453440378109615,0.046432613395154476,0.2431451678276062,0.02496463991701603,0.02731942944228649,0.03473033383488655,0.03115955926477909
9,train,0.07562595889681861,0.07562595854202907,,,0.02963525988161564,0.0304265096783638,0.042444344609975815,0.0411662682890892
9,val,0.07354021356219337,0.07354021320740382,0.042492811723301806,0.25982463359832764,0.027448013424873352,0.026323826983571053,0.03189923241734505,0.032758597284555435
10,train,0.07304236434754871,0.0730423629283905,,,0.025676950812339783,0.021504417061805725,0.027009092271327972,0.023754917085170746
10,val,0.0669243676321847,0.06692436834176381,0.03626159500951568,0.2509010136127472,0.022397825494408607,0.027508525177836418,0.03149421140551567,0.031926874071359634
11,train,0.06657295283817109,0.0665729542573293,,,0.019761353731155396,0.027984289452433586,0.02625448815524578,0.025867613032460213
11,val,0.05965287344796317,0.05965287238359451,0.03224759898148477,0.2240844964981079,0.017678277567029,0.02457599528133869,0.02792367897927761,0.032426267862319946
12,train,0.060083211887450444,0.06008321171005567,,,0.012350819073617458,0.018546419218182564,0.02235729992389679,0.02640501968562603
12,val,0.0580854784874689,0.05808547884225845,0.029702293143297236,0.2283846139907837,0.015599989332258701,0.022373346611857414,0.027123019099235535,0.03289442136883736
13,train,0.058533387524741035,0.058533387879530586,,,0.01780550740659237,0.016315940767526627,0.025492021813988686,0.026556534692645073
13,val,0.05546465941837856,0.055464660127957664,0.027294750325381756,0.2244841456413269,0.014425118453800678,0.020228827372193336,0.02568361908197403,0.030778005719184875
14,train,0.055251589843205044,0.0552515909075737,,,0.018506379798054695,0.017674807459115982,0.020823130384087563,0.025363974273204803
14,val,0.052954648222242086,0.052954647690057755,0.025312429837261636,0.21880795061588287,0.014885492622852325,0.01814788393676281,0.023441312834620476,0.027833236381411552
15,train,0.05255299664679028,0.052552998065948486,,,0.012375004589557648,0.011577344499528408,0.01979474350810051,0.02033323235809803
15,val,0.04958943384034293,0.04958943401773771,0.02305096376221627,0.20882023870944977,0.01380403432995081,0.017668049782514572,0.021930871531367302,0.0264274999499321
16,train,0.04949406782786051,0.04949406782786051,,,0.016143398359417915,0.02190624736249447,0.028037255629897118,0.02783694677054882
16,val,0.04608507383437384,0.04608507454395294,0.020319259764316182,0.2006799578666687,0.012339472770690918,0.01795911230146885,0.021168800070881844,0.025744428858160973
17,train,0.045954772404262,0.045954773823420204,,,0.008750935085117817,0.01502243708819151,0.017731504514813423,0.022921158000826836
17,val,0.043484337273098174,0.04348433638612429,0.01791229483205825,0.1969165802001953,0.012593929655849934,0.017992792651057243,0.021038027480244637,0.024817543104290962
18,train,0.04387010775861286,0.043870108822981514,,,0.008695070631802082,0.009768407791852951,0.009629492647945881,0.015089870430529118
18,val,0.04195564843359448,0.04195564861098925,0.01715717022307217,0.19074654579162598,0.012982244603335857,0.017319677397608757,0.020692432299256325,0.025178255513310432
19,train,0.04153006062621162,0.041530060271422066,,,0.0057797604240477085,0.011467221193015575,0.01122961938381195,0.013139701448380947
19,val,0.03981032967567444,0.039810328433911,0.015374643417696158,0.18642444908618927,0.010839883238077164,0.016627619042992592,0.019815592095255852,0.021703841164708138
20,train,0.04068570193790254,0.04068570335706075,,,0.009352159686386585,0.011540540494024754,0.015311758033931255,0.014720958657562733
20,val,0.03862734777586801,0.03862734759847323,0.014516012316259244,0.1832953691482544,0.010329045355319977,0.015934430062770844,0.018122149631381035,0.02082596905529499
21,train,0.0382077211425418,0.03820772096514702,,,0.014657893218100071,0.016455261036753654,0.017964232712984085,0.01715770922601223
21,val,0.03762055011022659,0.037620549400647484,0.013145980580399433,0.18446795642375946,0.010864884592592716,0.015328601934015751,0.018773669376969337,0.021014472469687462
22,train,0.03778345528103057,0.03778345386187235,,,0.01152846310287714,0.011411942541599274,0.015869012102484703,0.016549723222851753
22,val,0.03600112171400161,0.03600112100442251,0.011959600533979634,0.18025022745132446,0.011207853443920612,0.014706198126077652,0.017990510910749435,0.020073091611266136
23,train,0.03574276041416895,0.035742759704589844,,,0.004908818751573563,0.011189676821231842,0.010326250456273556,0.013290926814079285
23,val,0.035899934314546134,0.035899934669335685,0.011393267234476903,0.18293993175029755,0.010611710138618946,0.014485832303762436,0.017918867990374565,0.018889840692281723
24,train,0.035954627252760385,0.03595462689797083,,,0.010432274080812931,0.015612136572599411,0.017438767477869987,0.019133759662508965
24,val,0.03364978801636469,0.03364978854854902,0.010319453217865279,0.17363178730010986,0.009094520471990108,0.014570027589797974,0.01706380769610405,0.018709689378738403
25,train,0.03363672750336783,0.033636728301644325,,,0.006030465941876173,0.006300564855337143,0.007343099918216467,0.011519120074808598
25,val,0.03275844029017857,0.0327584408223629,0.010038960763874153,0.16907532513141632,0.008927208371460438,0.013780485838651657,0.016815749928355217,0.01849525235593319
26,train,0.03282583043688819,0.03282583008209864,,,0.004893020261079073,0.007342373486608267,0.012030608020722866,0.01490657776594162
26,val,0.03188692813827878,0.03188692778348923,0.009226218118177107,0.16785116493701935,0.008886710740625858,0.013477098196744919,0.016522428020834923,0.01817876473069191
27,train,0.032561473903201875,0.03256147354841232,,,0.014989794231951237,0.02199116349220276,0.022702937945723534,0.021107396110892296
27,val,0.031207585618609472,0.03120758632818858,0.008851289477509757,0.16534537076950073,0.009494052268564701,0.013660264201462269,0.016202758997678757,0.018153782933950424
28,train,0.03227290014425913,0.032272900765140854,,,0.0040724677965044975,0.009918936528265476,0.010009625926613808,0.010588199831545353
28,val,0.030385721297491165,0.03038572147488594,0.008061484685943773,0.16433115303516388,0.008884395472705364,0.013399136252701283,0.015736687928438187,0.01773242838680744
29,train,0.0307219283921378,0.03072192830344041,,,0.007036004215478897,0.01132044568657875,0.01082611083984375,0.012705801986157894
29,val,0.030628324974150883,0.030628324796756107,0.007856643273650358,0.16725842654705048,0.008043309673666954,0.013279280625283718,0.015611309558153152,0.01750314049422741
30,train,0.030892827681132724,0.0308928278585275,,,0.010283642448484898,0.011988003738224506,0.014612714760005474,0.01459178701043129
30,val,0.029341697692871094,0.029341697692871094,0.0074181573193830746,0.16088293492794037,0.007840038277208805,0.012827087193727493,0.015304900705814362,0.017532316967844963
31,train,0.02934933276403518,0.02934933329621951,,,0.008623282425105572,0.009434044361114502,0.009358049370348454,0.01137759629637003
31,val,0.028504998910994755,0.02850499873359998,0.006666618923190981,0.1595352739095688,0.00782458484172821,0.012499094009399414,0.014740359038114548,0.017105720937252045
32,train,0.028969323351269678,0.02896932326257229,,,0.006879047024995089,0.006464954931288958,0.010976784862577915,0.01330544799566269
32,val,0.02798607519694737,0.0279860757291317,0.006246907946964105,0.1584210842847824,0.007717391476035118,0.012445144355297089,0.014747546054422855,0.01703495904803276
33,train,0.027960348696935745,0.02796034887433052,,,0.00790530163794756,0.012125792913138866,0.013262954540550709,0.012635096907615662
33,val,0.02880534813517616,0.028805347780386608,0.006344482477288693,0.16357052326202393,0.00836156401783228,0.013206149451434612,0.01594810001552105,0.017898062244057655
34,train,0.028498258619081406,0.028498259062568348,,,0.0045999279245734215,0.004895790945738554,0.005598644260317087,0.0076438006944954395
34,val,0.026809567496890112,0.02680956820646922,0.005683520983438939,0.15356583893299103,0.007294645998626947,0.012102130800485611,0.013957888819277287,0.016184814274311066
35,train,0.027657652894655865,0.027657652273774147,,,0.007856469601392746,0.009904078207910061,0.010748188011348248,0.010028698481619358
35,val,0.02651334944225493,0.026513349264860153,0.005315113444036494,0.1537027806043625,0.007099185138940811,0.01212476845830679,0.013788050971925259,0.015928080305457115
36,train,0.026762637354078748,0.02676263762017091,,,0.0025985590182244778,0.008139018900692463,0.00819660909473896,0.011531724594533443
36,val,0.02663663171586536,0.026636631538470585,0.005306199988505493,0.1546192318201065,0.007439326029270887,0.012313470244407654,0.01472533494234085,0.016326425597071648
37,train,0.026459759899548123,0.026459759722153347,,,0.004950848873704672,0.005337141454219818,0.005684752482920885,0.00666005490347743
37,val,0.025584615412212554,0.025584615767002106,0.004917657992336899,0.14958636462688446,0.00711648678407073,0.011958037503063679,0.01386371161788702,0.01572008989751339
38,train,0.02582110535530817,0.025821105266610783,,,0.0037854362744838,0.008960739709436893,0.010714751668274403,0.011037512682378292
38,val,0.02491658358346848,0.024916584293047588,0.00439192740789925,0.1480645388364792,0.006899193394929171,0.012170609086751938,0.013718273490667343,0.015841668471693993
39,train,0.025200084561393374,0.0252000850935777,,,0.00990469753742218,0.0117720365524292,0.013072253204882145,0.016760962083935738
39,val,0.024857613302412488,0.024857612947622936,0.004433091041088725,0.147404745221138,0.007018438074737787,0.011850093491375446,0.014041174203157425,0.016063211485743523
40,train,0.02492435205550421,0.02492435152331988,,,0.011932387948036194,0.011371131055057049,0.011863433755934238,0.011298134922981262
40,val,0.024308883008502778,0.024308882653713226,0.004056493383056174,0.14582322537899017,0.006746254395693541,0.011670507490634918,0.013371247798204422,0.015353006310760975
41,train,0.02422017426717849,0.024220174178481102,,,0.006087027490139008,0.008446602150797844,0.013129939325153828,0.012166895903646946
41,val,0.024176792019889468,0.024176792552073795,0.0040047072592036175,0.14520931243896484,0.006673049181699753,0.011741829104721546,0.013513549230992794,0.015322428196668625
42,train,0.024318457004569825,0.024318456339339416,,,0.0021223973017185926,0.0031649211887270212,0.003983909264206886,0.008146744221448898
42,val,0.023688231195722307,0.02368823066353798,0.0035938992902326086,0.14425422251224518,0.006773030385375023,0.011681393720209599,0.01319138053804636,0.015078741125762463
43,train,0.02362703283627828,0.02362703252583742,,,0.0018787718145176768,0.002443769248202443,0.0030590947717428207,0.0041754706762731075
43,val,0.023498902718226116,0.023498902718226116,0.003832407877780497,0.1414978802204132,0.006708806846290827,0.011885291896760464,0.013124755583703518,0.015006651170551777
44,train,0.023363855977853138,0.02336385566741228,,,0.0033542995806783438,0.003409444587305188,0.0034652017056941986,0.0036884432192891836
44,val,0.023253518910635085,0.02325351784626643,0.0035922448247826346,0.14122116565704346,0.006947876885533333,0.011875784955918789,0.013396676629781723,0.015496093779802322
45,train,0.023395568841979617,0.023395569374163944,,,0.004720418713986874,0.004556608851999044,0.008173092268407345,0.008382903411984444
45,val,0.022615837908926465,0.022615838795900345,0.00325738272901314,0.1387665867805481,0.006797585636377335,0.011752697639167309,0.013036984018981457,0.015033612959086895
46,train,0.022537249894369216,0.022537250071763992,,,0.0062816329300403595,0.011310908012092113,0.012896963395178318,0.013564365915954113
46,val,0.022874226882344202,0.022874226172765095,0.003599141181136171,0.13852472603321075,0.006530266720801592,0.011616234667599201,0.012763953767716885,0.014351379126310349
47,train,0.022637644693965002,0.022637644161780674,,,0.004969229456037283,0.009739472530782223,0.010525750927627087,0.011354848742485046
47,val,0.022241727936835515,0.02224172775944074,0.0031745176820550114,0.13664500415325165,0.00652881758287549,0.011269829235970974,0.012474575079977512,0.014487769454717636
48,train,0.022478859339441572,0.0224788598716259,,,0.010266046971082687,0.00961596891283989,0.008135656826198101,0.007838805206120014
48,val,0.02184541736330305,0.0218454177180926,0.003131299279630184,0.13413012027740479,0.0064494069665670395,0.011260908097028732,0.012479163706302643,0.014200792647898197
49,train,0.021617205370040166,0.021617204571763676,,,0.007769639138132334,0.007852665148675442,0.006704967934638262,0.008724264800548553
49,val,0.022231091346059526,0.02223109205563863,0.0031239707799007497,0.13687382638454437,0.00646201753988862,0.0111977718770504,0.012518174014985561,0.014092784374952316
50,train,0.022396541777111235,0.02239654151101907,,,0.0024426577147096395,0.004913144279271364,0.008982437662780285,0.010383258573710918
50,val,0.02175864577293396,0.02175864577293396,0.0033113283764881394,0.13244254887104034,0.006592608988285065,0.0116023113951087,0.012736212462186813,0.014051172882318497
51,train,0.023270101774306523,0.023270101596911747,,,0.008307564072310925,0.013693462125957012,0.017878925427794456,0.01752081699669361
51,val,0.021153739520481656,0.02115373934308688,0.003040943032829091,0.1298305243253708,0.006475899368524551,0.011269100941717625,0.012495766393840313,0.013791491277515888
52,train,0.02162638625928334,0.021626385860145092,,,0.0034371623769402504,0.003436095779761672,0.004128123167902231,0.005569809582084417
52,val,0.02236935638246082,0.022369356205066044,0.0032440875462877252,0.13712097704410553,0.006631363183259964,0.011076840572059155,0.012617741711437702,0.013677536509931087
53,train,0.021847887408165706,0.021847887585560482,,,0.010827288962900639,0.011804956011474133,0.00996485911309719,0.010624703019857407
53,val,0.021820567193485442,0.021820566306511562,0.0033345794460425773,0.13273648917675018,0.006817044224590063,0.011311828158795834,0.012415706180036068,0.0134287029504776
54,train,0.022158925731976826,0.02215892511109511,,,0.0034313062205910683,0.00409204326570034,0.005929008591920137,0.006769299041479826
54,val,0.020748719573020935,0.020748719573020935,0.003416714859971156,0.12474074959754944,0.0063834101893007755,0.011113808490335941,0.01177189964801073,0.013275605626404285
55,train,0.021533352988106862,0.02153335263331731,,,0.011498111300170422,0.010378355160355568,0.011066309176385403,0.013307648710906506
55,val,0.020839727350643704,0.020839727794130642,0.0033472456755892686,0.12579460442066193,0.0064830840565264225,0.011308818124234676,0.01148974522948265,0.013341876678168774
56,train,0.02048126785528092,0.02048126794397831,,,0.0041471258737146854,0.00427254568785429,0.003945280332118273,0.005268437787890434
56,val,0.021688065358570645,0.02168806518117587,0.003341769896602879,0.13176584243774414,0.006819300819188356,0.011346738785505295,0.01188264787197113,0.013259188272058964
57,train,0.02145121707802727,0.021451216811935108,,,0.004735801834613085,0.004736298695206642,0.005214289296418428,0.007951869629323483
57,val,0.020359083300545103,0.02035908338924249,0.0036004891347450516,0.12091064453125,0.0063537657260894775,0.011131313629448414,0.011345976032316685,0.01275630947202444
58,train,0.02062747733933585,0.020627478137612343,,,0.0029879016801714897,0.009203528054058552,0.009604216553270817,0.00833148043602705
58,val,0.019894297633852278,0.01989429754515489,0.0031886715441942215,0.12012804299592972,0.006387602537870407,0.010711018927395344,0.011170963756740093,0.012684383429586887
59,train,0.02030953410125914,0.020309533923864365,,,0.0022499861661344767,0.007043526042252779,0.008347014896571636,0.008005411364138126
59,val,0.019425339642025176,0.01942533937593301,0.0030240598716773093,0.11783301830291748,0.006355071906000376,0.010846298187971115,0.011237919330596924,0.012427009642124176
60,train,0.019814660861378626,0.01981466046224038,,,0.0018218063050881028,0.0023948531597852707,0.003989802673459053,0.005924232769757509
60,val,0.019218105645406814,0.01921810582280159,0.0028603810157316425,0.11736445873975754,0.00616527209058404,0.010670936666429043,0.010943538509309292,0.012290810234844685
61,train,0.020007445698692686,0.020007445787390072,,,0.006854222621768713,0.00665736710652709,0.008881363086402416,0.008210768923163414
61,val,0.01904847011679695,0.019048469762007397,0.002997286937898025,0.11535557359457016,0.0061236037872731686,0.010693483985960484,0.011073927395045757,0.01224591676145792
62,train,0.018973914640290395,0.01897391490638256,,,0.0016067182878032327,0.00629936158657074,0.006384112406522036,0.005421306472271681
62,val,0.018681248738652186,0.018681248649954796,0.0026346224864634373,0.11496100574731827,0.006020260974764824,0.010349774733185768,0.010776307433843613,0.01178186759352684
63,train,0.01890748313495091,0.01890748320147395,,,0.0014566282043233514,0.001583898440003395,0.0022014903370290995,0.004172449931502342
63,val,0.018461128785496668,0.018461128696799278,0.0026628246414475143,0.1132509633898735,0.006155222188681364,0.010369131341576576,0.010558289475739002,0.011649205349385738
64,train,0.018670470586844852,0.018670470764239628,,,0.003917932976037264,0.004026706796139479,0.004342048428952694,0.005944304633885622
64,val,0.01812113182885306,0.018121131385366123,0.0026113505785663924,0.11117982119321823,0.006087187677621841,0.010295381769537926,0.01051195990294218,0.011724491603672504
65,train,0.018472290819599516,0.018472290908296902,,,0.005509013310074806,0.006370855495333672,0.006067103240638971,0.00657833693549037
65,val,0.01835235030878158,0.01835235022008419,0.0023859295858225473,0.11415088176727295,0.006150464992970228,0.010726471431553364,0.010694452561438084,0.011889893561601639
66,train,0.01872848683879489,0.018728487193584442,,,0.007431285921484232,0.007623021025210619,0.009308570064604282,0.008375800214707851
66,val,0.017952064673105877,0.017952064673105877,0.0026239265280310065,0.10992089658975601,0.005969497840851545,0.010384486988186836,0.010238663293421268,0.011201116256415844
67,train,0.018026523292064667,0.018026523292064667,,,0.006417069584131241,0.0064177424646914005,0.0051578013226389885,0.006367368623614311
67,val,0.018364903472718738,0.01836490382750829,0.0030324428322880217,0.11035964637994766,0.006093425210565329,0.010336303152143955,0.01036006584763527,0.011263247579336166
68,train,0.018206598503249034,0.018206598237156868,,,0.003123488975688815,0.008049563504755497,0.007543578743934631,0.0077713909558951855
68,val,0.017846948334148953,0.017846948156754177,0.0026228145385781922,0.10919175297021866,0.0059194001369178295,0.010114502161741257,0.010132940486073494,0.011004503816366196
69,train,0.017790660971686953,0.017790661193430424,,,0.0017545531736686826,0.002408066298812628,0.004982456099241972,0.006721962708979845
69,val,0.017504326644397918,0.017504326378305752,0.0024223221310724816,0.10799635201692581,0.0057393754832446575,0.009920758195221424,0.009822091087698936,0.010735784657299519
70,train,0.017622357323056177,0.017622357234358788,,,0.007721461821347475,0.008967866189777851,0.01138802245259285,0.012342686764895916
70,val,0.017035071338926042,0.017035071427623432,0.002475251560099423,0.10439399629831314,0.005812520626932383,0.010099249891936779,0.009759083390235901,0.010737261734902859
71,train,0.01704394533520653,0.01704394506911437,,,0.008807025849819183,0.009097795002162457,0.007386375218629837,0.007924704812467098
71,val,0.01702462136745453,0.01702462136745453,0.002436838335900878,0.10455132275819778,0.005842772778123617,0.010165131650865078,0.009792682714760303,0.010346334427595139
72,train,0.0171336629206226,0.017133662787576515,,,0.0016288646729663014,0.0023497019428759813,0.0032820578198879957,0.004552569705992937
72,val,0.017342004747617813,0.01734200492501259,0.0024718434045401714,0.10656297951936722,0.005724804941564798,0.00966398324817419,0.009646213613450527,0.0102992607280612
73,train,0.01739720893757684,0.017397208760182064,,,0.005871522706001997,0.005657510831952095,0.004626270849257708,0.005177459213882685
73,val,0.01650291397458031,0.016502913708488148,0.002430370261815066,0.10093817859888077,0.00568566657602787,0.009647891856729984,0.00945587083697319,0.010229532606899738
74,train,0.017160095629237947,0.017160095895330112,,,0.006058020517230034,0.01032146904617548,0.008692369796335697,0.007862487807869911
74,val,0.016318780325707934,0.016318780680497486,0.002362804429139942,0.10005462914705276,0.005725998897105455,0.009571538306772709,0.00921060424298048,0.009920465759932995
75,train,0.017137630354790462,0.017137630532185238,,,0.0061774239875376225,0.00731770321726799,0.008572308346629143,0.008417506702244282
75,val,0.01599863526367006,0.015998635441064835,0.002209186631565293,0.09873533248901367,0.005557732190936804,0.009437690488994122,0.009072656743228436,0.009749882854521275
76,train,0.01636694087868645,0.016366940612594288,,,0.00878134649246931,0.008329236879944801,0.007406586781144142,0.007949821650981903
76,val,0.016470754430407568,0.016470754519104958,0.002537093940190971,0.1000727191567421,0.005834075156599283,0.009905340149998665,0.009418042376637459,0.009785090573132038
77,train,0.015958644804500398,0.015958645070592564,,,0.005728762596845627,0.005997654516249895,0.005071035120636225,0.0058679766952991486
77,val,0.01803440281323024,0.01803440290192763,0.0030945418984629214,0.10767357796430588,0.006003213580697775,0.009559620171785355,0.009098594076931477,0.009616878814995289
78,train,0.01782696232909248,0.017826962595184643,,,0.005574954207986593,0.008262192830443382,0.008640631102025509,0.00772405369207263
78,val,0.018206013100487844,0.01820601336658001,0.002969597582705319,0.10962450504302979,0.005724560469388962,0.009405816905200481,0.009280933998525143,0.009917358867824078
79,train,0.02015780693008786,0.020157807196180027,,,0.004370208363980055,0.009244675748050213,0.011106573976576328,0.009866343811154366
79,val,0.017449672023455303,0.017449672023455303,0.0031182401968787112,0.10343825817108154,0.00566464476287365,0.009468716569244862,0.008901034481823444,0.009766283445060253
80,train,0.019510034294355483,0.019510033850868542,,,0.0060030315071344376,0.006910863798111677,0.00927177257835865,0.012449688278138638
80,val,0.017217480000995454,0.01721748026708762,0.0038727730473813913,0.09728572517633438,0.005746923387050629,0.009857569821178913,0.009571850299835205,0.009397807531058788
81,train,0.018505652745564777,0.018505652124683063,,,0.007909209467470646,0.007702153641730547,0.006758586969226599,0.009283351711928844
81,val,0.020487592333839053,0.020487592245141666,0.0041545520653016865,0.11848583072423935,0.005707481876015663,0.01034504920244217,0.010412696748971939,0.009545186534523964
82,train,0.019794977137020657,0.01979497695962588,,,0.0036380074452608824,0.009002861566841602,0.008649621158838272,0.00898137129843235
82,val,0.01956938420023237,0.019569383934140205,0.0037721156356080123,0.1143529936671257,0.006231991108506918,0.00969385914504528,0.00997061375528574,0.010621927678585052
83,train,0.019549271890095303,0.019549271712700527,,,0.0034968918189406395,0.008022048510611057,0.010036997497081757,0.009486096911132336
83,val,0.016956414495195662,0.01695641502737999,0.00381931837182492,0.09577899426221848,0.00578719237819314,0.009698319248855114,0.008913325145840645,0.009536413475871086
84,train,0.017255406294550215,0.017255406205852825,,,0.0028832023963332176,0.00341592519544065,0.004761264193803072,0.005272314418107271
84,val,0.01736978760787419,0.0173697875191768,0.004885077631721894,0.09227804094552994,0.0059473272413015366,0.009683807380497456,0.009772555902600288,0.008992953225970268
85,train,0.01686352739731471,0.01686352677643299,,,0.006082117557525635,0.005995479878038168,0.00459527550265193,0.0056887175887823105
85,val,0.016956946679524014,0.016956946502129238,0.004217152483761311,0.09339570999145508,0.005697178188711405,0.009364553727209568,0.008874013088643551,0.00897850189357996
86,train,0.01665771043016797,0.01665770976493756,,,0.002489447593688965,0.0036227803211659193,0.004173798020929098,0.003887956263497472
86,val,0.015390396118164062,0.015390396118164062,0.0026127976016141474,0.09205598384141922,0.005314648151397705,0.009107672609388828,0.008199824020266533,0.00866474024951458
87,train,0.015819111395449864,0.015819111838936806,,,0.005979448091238737,0.005653842817991972,0.004721561912447214,0.004667364526540041
87,val,0.01573802317891802,0.015738022824128468,0.0033746841363608837,0.08991805464029312,0.005571091081947088,0.009085488505661488,0.008507512509822845,0.008349594660103321
88,train,0.01560698485090619,0.015606985116998354,,,0.00222793105058372,0.00302787940017879,0.005582262296229601,0.004889173898845911
88,val,0.015833557361648196,0.01583355727295081,0.0037704859084139266,0.08821197599172592,0.005353040527552366,0.008852093480527401,0.008224411867558956,0.008374054916203022
89,train,0.01596841677313759,0.01596841650704543,,,0.0028192687314003706,0.007138784509152174,0.006385076325386763,0.00790912751108408
89,val,0.014707634136790321,0.014707634225487709,0.0027318001278520874,0.0865626409649849,0.005171611439436674,0.008708341047167778,0.008178685791790485,0.008042466826736927
90,train,0.0150516363126891,0.015051636223991713,,,0.005284952465444803,0.005454507190734148,0.005680595990270376,0.0063009802252054214
90,val,0.014876831145513626,0.014876831322908401,0.0026004498455828675,0.0885351225733757,0.005254246760159731,0.008626398630440235,0.0076205371879041195,0.008202620781958103
91,train,0.014780893212273008,0.014780893300970396,,,0.0019005034118890762,0.0060089752078056335,0.005941655486822128,0.007570550311356783
91,val,0.01522018654005868,0.015220186983545622,0.003635062894318253,0.08473094552755356,0.005339687690138817,0.009039287455379963,0.008458314463496208,0.007914462126791477
92,train,0.015019391973813375,0.015019392284254232,,,0.002653702860698104,0.003371906466782093,0.0024188009556382895,0.0026829156558960676
92,val,0.01434668047087533,0.014346680293480555,0.0029236336801356324,0.08288495987653732,0.005162014160305262,0.008309402503073215,0.007689797785133123,0.007462476845830679
93,train,0.014935265339556195,0.01493526560564836,,,0.005618296563625336,0.0058313640765845776,0.00667803967371583,0.006193222943693399
93,val,0.01408560574054718,0.01408560574054718,0.002504202100681141,0.08357403427362442,0.005254759918898344,0.008135072886943817,0.007170196622610092,0.00729355588555336
94,train,0.014477074146270752,0.014477073835829893,,,0.0021434291265904903,0.0036596048157662153,0.006050582509487867,0.005644382443279028
94,val,0.014246695808001928,0.014246695985396704,0.0029746940611706427,0.08187871426343918,0.005322036799043417,0.008149033412337303,0.0076113236136734486,0.007081514224410057
95,train,0.01412819858108248,0.014128198536733786,,,0.004022415727376938,0.0030805710703134537,0.003810782916843891,0.005339188035577536
95,val,0.015360564703033083,0.015360564614335695,0.0027253805116439858,0.09117165952920914,0.005280996207147837,0.008395318873226643,0.00813202653080225,0.0077552697621285915
96,train,0.015043500633466812,0.015043500189979872,,,0.006561589892953634,0.00989118404686451,0.00779190706089139,0.007594480644911528
96,val,0.014851605608349755,0.014851606140534082,0.0028261422800521054,0.08700438588857651,0.005339423660188913,0.007933354936540127,0.006994450464844704,0.007038145791739225
97,train,0.015587955003692991,0.015587955092390379,,,0.005035388749092817,0.008127772249281406,0.009168123826384544,0.007206443231552839
97,val,0.0152851783093952,0.015285178398092588,0.003094325637600074,0.08843028545379639,0.005247790832072496,0.008169985376298428,0.007062999997287989,0.007008521351963282
98,train,0.015552484208629244,0.015552483809491,,,0.0031435873825103045,0.005760533735156059,0.00487707881256938,0.005935119464993477
98,val,0.014133869892074949,0.01413386935989062,0.0026396740577183664,0.08309904485940933,0.005055441986769438,0.0078011625446379185,0.006822517141699791,0.006697657983750105
99,train,0.015489432073774793,0.015489431718985239,,,0.003215155564248562,0.004657838027924299,0.0054557546973228455,0.007696567103266716
99,val,0.013221511528605507,0.013221510996421179,0.00250777958232599,0.07750389724969864,0.005224958527833223,0.007887615822255611,0.0065228757448494434,0.006672101095318794
100,train,0.015036754664920625,0.015036754931012789,,,0.005759695079177618,0.005582404788583517,0.004517415538430214,0.006099291145801544
100,val,0.013047272250765846,0.013047272339463234,0.002344372265118485,0.07726467400789261,0.004973809700459242,0.007699334993958473,0.006369373295456171,0.00665445439517498
101,train,0.015568413904735021,0.01556841346124808,,,0.005715873092412949,0.006896522361785173,0.007241037208586931,0.009853293187916279
101,val,0.013271996662730262,0.01327199675142765,0.0027407777961343527,0.07645931094884872,0.005162455607205629,0.007806879933923483,0.006553839426487684,0.006328262388706207
102,train,0.01464658762727465,0.014646587893366814,,,0.005496844183653593,0.005492052063345909,0.004798735957592726,0.0062189530581235886
102,val,0.014047593587920779,0.01404759349922339,0.0027076917758677155,0.08208698779344559,0.005024679936468601,0.007810242474079132,0.006183570250868797,0.006683191750198603
103,train,0.014791287126995269,0.014791286860903105,,,0.0026452664751559496,0.0040295240469276905,0.005432217847555876,0.005947593599557877
103,val,0.01431476856981005,0.014314768215020498,0.0022239865405329815,0.08685946464538574,0.005211444105952978,0.007510075345635414,0.006184841971844435,0.006373455282300711
104,train,0.01392528059936705,0.013925280421972275,,,0.006552364677190781,0.007525346707552671,0.006495131645351648,0.006460864562541246
104,val,0.01448480004356021,0.014484800398349762,0.0022959405032452196,0.08761795610189438,0.004883495159447193,0.007523125037550926,0.006839511450380087,0.007334355730563402
105,train,0.014340371603057497,0.014340372135241827,,,0.002383562969043851,0.0032804682850837708,0.0034961325582116842,0.004202820360660553
105,val,0.01260797218197868,0.012607972448070845,0.002219822995054225,0.0749368742108345,0.004908933769911528,0.007247681263834238,0.005908299703150988,0.006027746479958296
106,train,0.012567938083694094,0.012567938305437565,,,0.006305170711129904,0.00515606626868248,0.00398509856313467,0.0031326990574598312
106,val,0.012110331583590735,0.012110331406195959,0.001986841894298171,0.07285126298666,0.004661754239350557,0.007061360403895378,0.005670696031302214,0.005937670823186636
107,train,0.012266199503626143,0.012266199104487896,,,0.004977626726031303,0.004616823513060808,0.003414768725633621,0.0032295880373567343
107,val,0.011891594245320275,0.011891594156622887,0.001987114519579336,0.07131847739219666,0.004725453909486532,0.007184043992310762,0.005680099595338106,0.005952226463705301
108,train,0.011942802440552484,0.011942802307506403,,,0.005608696956187487,0.005459005478769541,0.0036498799454420805,0.0033449700567871332
108,val,0.011733929316202799,0.011733929316202799,0.0019985769176855683,0.07014604657888412,0.004670595284551382,0.006920060608536005,0.005442452151328325,0.005743302404880524
109,train,0.011745822926362356,0.011745822615921497,,,0.004072999116033316,0.003643997712060809,0.0026892221067100763,0.003189503913745284
109,val,0.011564141228085472,0.011564141139388084,0.0018804150361878176,0.06966649740934372,0.004563546273857355,0.006707482039928436,0.005355117842555046,0.0056954617612063885
110,train,0.011935954292615255,0.011935953982174397,,,0.004028131254017353,0.0034272512421011925,0.003482540138065815,0.003260489320382476
110,val,0.011889730535802386,0.011889730269710222,0.0019624676497187465,0.07145331054925919,0.004545269068330526,0.006686743348836899,0.005595577415078878,0.005774275865405798
111,train,0.012237775183859326,0.01223777544995149,,,0.0016147061251103878,0.004578080959618092,0.004289017524570227,0.00499402079731226
111,val,0.01177327512275605,0.011773275211453438,0.002057399794769784,0.07006853073835373,0.0045737032778561115,0.006687380373477936,0.005237442906945944,0.005553800147026777
112,train,0.012080453691028413,0.01208045364667972,,,0.001453516655601561,0.004052573349326849,0.003335353219881654,0.00461930176243186
112,val,0.011184792788255783,0.011184792965650558,0.0017996069897587101,0.0674959048628807,0.004418401047587395,0.006499065086245537,0.0049837734550237656,0.005486523732542992
113,train,0.012283227628185636,0.012283227716883024,,,0.006897620856761932,0.006627161055803299,0.0054756049066782,0.007051303517073393
113,val,0.011066232054006486,0.01106623187661171,0.0018421429267618805,0.06641077250242233,0.004435477312654257,0.006374558433890343,0.004967257846146822,0.00536666065454483
114,train,0.01208847299927757,0.012088472954928875,,,0.0021511961240321398,0.003528383793309331,0.0035993100609630346,0.004264631308615208
114,val,0.011072202452591487,0.01107220227519671,0.001901562335357691,0.06609604507684708,0.004443000070750713,0.006305295508354902,0.0049589150585234165,0.005271158646792173
115,train,0.01178705727770215,0.011787057233353456,,,0.0033665262162685394,0.005549881141632795,0.004773541819304228,0.004528751131147146
115,val,0.011130635582265399,0.011130635316173235,0.0018703086825553328,0.06669259816408157,0.00459208944812417,0.006449069362133741,0.004927995149046183,0.005572233349084854
116,train,0.010982695789564224,0.01098269565651814,,,0.0071956622414290905,0.006463844329118729,0.005552458111196756,0.005673311185091734
116,val,0.012978556965078627,0.012978556876381239,0.002041154909723749,0.07860296964645386,0.004408720415085554,0.006201180163770914,0.0051674130372703075,0.005573003087192774
117,train,0.012610770761966705,0.012610771072407564,,,0.004119402263313532,0.004079797305166721,0.0036732861772179604,0.003762812353670597
117,val,0.011342227458953857,0.011342227458953857,0.0018260462287192543,0.0684393122792244,0.004402943421155214,0.006235016975551844,0.005062198266386986,0.005183044821023941
118,train,0.011336365980761392,0.011336366025110086,,,0.002266026334837079,0.004706427920609713,0.004103997256606817,0.004103515297174454
118,val,0.010686995018096198,0.010686994840701422,0.001826019225215229,0.06385284662246704,0.004375250544399023,0.006008300464600325,0.004602421075105667,0.005110757425427437
119,train,0.010707117971919831,0.010707118238011995,,,0.004379832651466131,0.003476509591564536,0.002558091189712286,0.003331693820655346
119,val,0.01046820410660335,0.01046820388485988,0.001750827388605103,0.06277246028184891,0.004317000042647123,0.005900368560105562,0.004500307142734528,0.005015301518142223
120,train,0.010881793995698294,0.010881793685257435,,,0.004374307580292225,0.004191314335912466,0.004104676190763712,0.003837808733806014
120,val,0.01044833589167822,0.010448335980375608,0.0018024721066467464,0.06232351437211037,0.004317834973335266,0.005838731303811073,0.004422354511916637,0.004945707973092794
121,train,0.010754764080047607,0.010754764080047607,,,0.004177766852080822,0.004204022232443094,0.004628061782568693,0.004670585040003061
121,val,0.010185419093994867,0.010185419271389643,0.0017614338915639867,0.06072932481765747,0.004292263183742762,0.005779295694082975,0.004404187668114901,0.004856626037508249
122,train,0.01039198005483264,0.010391980099181334,,,0.0036381727550178766,0.00475627277046442,0.003512527095153928,0.0037073511630296707
122,val,0.010663410382611411,0.010663410338262716,0.001738528226269409,0.06421270221471786,0.004446595907211304,0.006104113534092903,0.004728006199002266,0.004974158015102148
123,train,0.010598418613274893,0.010598418458054462,,,0.0018563888734206557,0.0019090421264991164,0.0018675652099773288,0.0015372224152088165
123,val,0.01039494609548932,0.010394946361581484,0.0017345839102442067,0.06235711649060249,0.0042946613393723965,0.0055779628455638885,0.004444745369255543,0.004782560747116804
124,train,0.010303628586587451,0.010303628708546361,,,0.0012618947075679898,0.0010791177628561854,0.0011748941615223885,0.0015271329320967197
124,val,0.010078060130278269,0.010078060130278269,0.0017129855065528925,0.06026851013302803,0.004211838822811842,0.005482855718582869,0.0043064807541668415,0.0046695987693965435
125,train,0.010098626571042197,0.010098626371473074,,,0.003011060180142522,0.0026283757761120796,0.002413518028333783,0.0017824267270043492
125,val,0.009836100751445406,0.009836100662748018,0.0016971584506488095,0.05866975709795952,0.004177359864115715,0.005469873547554016,0.004108085762709379,0.004639865830540657
126,train,0.009902772981496085,0.009902772804101309,,,0.00099952460732311,0.0012736385688185692,0.001824153121560812,0.0023444113321602345
126,val,0.010295963003521874,0.010295962914824486,0.00232886146598806,0.05809856951236725,0.00435610581189394,0.005543167237192392,0.004172419663518667,0.004831685684621334
127,train,0.010172111292680105,0.010172110982239246,,,0.002602939261123538,0.0031919414177536964,0.0034313334617763758,0.003460516920313239
127,val,0.009981188745725723,0.00998118861267964,0.002005004595654706,0.05783830210566521,0.004275135230273008,0.005460681859403849,0.004004507791250944,0.004559625871479511
128,train,0.010063474376996359,0.0100634740665555,,,0.005504358559846878,0.005991427693516016,0.0030830714385956526,0.003025367157533765
128,val,0.00953085720539093,0.00953085720539093,0.0016802047127081703,0.05663476511836052,0.004124215338379145,0.005237021949142218,0.003889474319294095,0.004515527281910181
129,train,0.0097142198965663,0.009714219563951096,,,0.001659596455283463,0.002275055507197976,0.0027558356523513794,0.00294642336666584
129,val,0.009448044002056122,0.009448044002056122,0.001670192180123801,0.05611516162753105,0.004094728734344244,0.005192452576011419,0.0038177650421857834,0.0045609199441969395
130,train,0.009547878234159379,0.009547878367205461,,,0.0059705874882638454,0.004677761811763048,0.003510979935526848,0.0032735432032495737
130,val,0.009698106064682915,0.009698105975985527,0.0017569572276746233,0.05734499916434288,0.004278586246073246,0.005125706549733877,0.003919518087059259,0.004597876686602831
131,train,0.009880504437855311,0.009880504260460535,,,0.001613724627532065,0.0029937736690044403,0.004348366986960173,0.004803905729204416
131,val,0.009228296932720002,0.00922829688837131,0.0015656436395753797,0.05520421266555786,0.004024744499474764,0.0049639479257166386,0.0036655471194535494,0.004367416258901358
132,train,0.00950707353296734,0.009507073555141687,,,0.0040619564242661,0.002826225943863392,0.00168559979647398,0.0011527898022904992
132,val,0.009774250643593925,0.009774250288804373,0.0016170467327659328,0.05871747434139252,0.004048172850161791,0.0051773726008832455,0.004233099054545164,0.004765903577208519
133,train,0.009815811046532221,0.009815811179578304,,,0.002330799587070942,0.0021403066348284483,0.002579769119620323,0.0032896141055971384
133,val,0.009568754406202407,0.009568754583597183,0.0016511761059518903,0.057074230164289474,0.003970152698457241,0.004910353105515242,0.0036770449951291084,0.004626467823982239
134,train,0.010044043262799581,0.010044043262799581,,,0.005750555545091629,0.0054448614828288555,0.0030102087184786797,0.003911453764885664
134,val,0.009518913924694061,0.009518913924694061,0.0019756362307816744,0.054778579622507095,0.004126726184040308,0.005008364096283913,0.0037528600078076124,0.004699103534221649
135,train,0.009859704190776461,0.009859704102079073,,,0.003064582357183099,0.002075836295261979,0.0025959413032978773,0.00502557260915637
135,val,0.009296534671669915,0.009296534893413385,0.0017098444513976574,0.054816678166389465,0.004068154376000166,0.0048925671726465225,0.0036566199269145727,0.004363538231700659
136,train,0.009346034732602891,0.009346034688254198,,,0.003351402236148715,0.0032007014378905296,0.0023484593257308006,0.002141740871593356
136,val,0.009355706118402026,0.009355705852309862,0.001783247134881094,0.05479046329855919,0.0040884558111429214,0.004876007325947285,0.0036163004115223885,0.004562736954540014
137,train,0.009396533880914961,0.00939653410265843,,,0.003268931759521365,0.0033496327232569456,0.003181721782311797,0.00348100159317255
137,val,0.009704755885260445,0.00970475592960914,0.002061303850496188,0.05556546524167061,0.004116505850106478,0.005075092893093824,0.003712546778842807,0.004312961362302303
138,train,0.00965712254955655,0.009657122505207857,,,0.0034225834533572197,0.0033836232032626867,0.004033972974866629,0.004944112617522478
138,val,0.009821713325523194,0.009821712970733643,0.0018300958327017725,0.05777141824364662,0.004142055753618479,0.004755420610308647,0.0036067080218344927,0.004438947886228561
139,train,0.009629257023334503,0.009629257023334503,,,0.0034111987333744764,0.003956850618124008,0.0034445617347955704,0.005251353140920401
139,val,0.009296095087414696,0.009296094998717308,0.0015938577610844125,0.055509522557258606,0.004222736228257418,0.004655991215258837,0.00357457366771996,0.004467339720577002
140,train,0.009570684461366562,0.009570684594412645,,,0.0020611730869859457,0.003825975814834237,0.0031484027858823538,0.003478260478004813
140,val,0.009857039366449629,0.009857039277752241,0.0018558632291387767,0.05786408856511116,0.003974452149122953,0.0045299469493329525,0.003858329029753804,0.004476281814277172
141,train,0.010132669692947752,0.01013266947120428,,,0.0041267890483140945,0.004882883746176958,0.00417375797405839,0.0028133252635598183
141,val,0.0091915943083309,0.009191594397028288,0.001644447979439671,0.054474469274282455,0.004074182827025652,0.0045412867330014706,0.003371836617588997,0.004122986923903227
142,train,0.01009906544571831,0.010099065490067005,,,0.002323400927707553,0.0044302912428975105,0.004774364642798901,0.006201806012541056
142,val,0.008969430057775406,0.00896942988038063,0.0016316145289844524,0.05299631878733635,0.0038852954749017954,0.0046006604097783566,0.0034410152584314346,0.0041932761669158936
143,train,0.009874102615174792,0.009874102659523487,,,0.004146181046962738,0.003769758390262723,0.0034002044703811407,0.0042715976014733315
143,val,0.008764016841139113,0.008764016752441725,0.0017411367637881388,0.05090130493044853,0.004045254085212946,0.004483007825911045,0.0034101081546396017,0.004092284012585878
144,train,0.008862736679258802,0.008862736634910107,,,0.004008196759968996,0.0034255788195878267,0.002429822226986289,0.0019714897498488426
144,val,0.009379699471450988,0.00937969982624054,0.0015501152665819973,0.05635720491409302,0.003939989022910595,0.00449279323220253,0.0034313106443732977,0.0040321857668459415
145,train,0.009420416894413176,0.00942041693876187,,,0.003904982702806592,0.003647884353995323,0.0029798063915222883,0.004721048753708601
145,val,0.009470925089858827,0.009470925045510134,0.001605665359723692,0.05666248872876167,0.003857159987092018,0.0043738535605371,0.0033726757392287254,0.0040521095506846905
146,train,0.009046795112746102,0.009046795157094797,,,0.00404895655810833,0.004934302531182766,0.0032277407590299845,0.003502695821225643
146,val,0.010559548224721636,0.010559548313419024,0.001603198218314598,0.06429765373468399,0.004062152002006769,0.004546182695776224,0.003650611499324441,0.0051071178168058395
147,train,0.010110146410408475,0.01011014636605978,,,0.0017686821520328522,0.002892169402912259,0.002409912645816803,0.0036162659525871277
147,val,0.01138022400083996,0.011380224178234736,0.001810759917134419,0.06879701465368271,0.004075197037309408,0.004722587298601866,0.004271546844393015,0.005350947380065918
148,train,0.010845763342721122,0.010845763298372427,,,0.003423342714086175,0.0033495286479592323,0.0025613910984247923,0.004789112135767937
148,val,0.009249260382992881,0.009249260338644186,0.0015493427587595459,0.05544877052307129,0.004046125803142786,0.00447568716481328,0.00354022067040205,0.004682424943894148
149,train,0.010142927013692401,0.010142926747600237,,,0.002994840731844306,0.003782278625294566,0.003640447510406375,0.007102362811565399
149,val,0.008990500299703507,0.00899050043274959,0.0015199642900067072,0.05381371080875397,0.003809877671301365,0.004172399174422026,0.003206234658136964,0.004035612568259239
150,train,0.010087885317348298,0.010087884962558746,,,0.0015141506446525455,0.003412195248529315,0.0034991141874343157,0.006726254243403673
150,val,0.008508286305836268,0.008508286438882351,0.0014919817040208727,0.05060611292719841,0.0037893287371844053,0.004082434345036745,0.003091866383329034,0.003991047851741314
151,train,0.008934597351721354,0.008934597174326578,,,0.005867672618478537,0.0023326901718974113,0.0016617910005152225,0.0016846942016854882
151,val,0.008977987936564855,0.008977988113959631,0.0014861440916623299,0.05392904952168465,0.00384252960793674,0.004188195336610079,0.003163966117426753,0.004217744339257479
152,train,0.009159366999353682,0.009159366910656294,,,0.004975508898496628,0.005211106967180967,0.004647004883736372,0.005965113639831543
152,val,0.009099496617203667,0.009099496838947138,0.0014679948217235506,0.05488850548863411,0.0038462744560092688,0.004018797073513269,0.0031757180113345385,0.0040052542462944984
153,train,0.008820583955163048,0.008820583733419577,,,0.0018110903911292553,0.0015389978652819991,0.0017322871135547757,0.0024880922865122557
153,val,0.009182018893105643,0.009182018848756949,0.0014488534701134388,0.05558101460337639,0.0037838055286556482,0.004037303384393454,0.003414515405893326,0.004385801963508129
154,train,0.008793758849302927,0.008793759159743786,,,0.0011407496640458703,0.0017367670079693198,0.0029581552371382713,0.004857439082115889
154,val,0.008878639766148158,0.00887863989919424,0.0015180790360318497,0.053042005747556686,0.003845302388072014,0.004009751603007317,0.0031202377285808325,0.004059308208525181
155,train,0.00885421090892383,0.008854210997621218,,,0.004187864251434803,0.0025336523540318012,0.00197603483684361,0.003314698813483119
155,val,0.008396544271991366,0.008396544183293978,0.0013416728858525555,0.05072576925158501,0.0037543317303061485,0.003986792638897896,0.003179033985361457,0.00406736321747303
156,train,0.008505266514562425,0.008505266470213732,,,0.0016636470099911094,0.0031197990756481886,0.003062322037294507,0.0032306064385920763
156,val,0.008000034306730543,0.008000034528474012,0.0013135429908288643,0.04811897873878479,0.003810688154771924,0.0037683136761188507,0.002893924480304122,0.003973963670432568
157,train,0.008575013528267542,0.008575013683487972,,,0.0017167195910587907,0.0026689653750509024,0.002453909022733569,0.002298349514603615
157,val,0.008139436798436301,0.008139436754087606,0.0016413457196904346,0.04712798073887825,0.003741208231076598,0.0038649968337267637,0.002981744008138776,0.004092984367161989
158,train,0.008848273860556739,0.008848274126648903,,,0.0018028276972472668,0.003605002537369728,0.003217695513740182,0.0034124741796404123
158,val,0.007913215174561455,0.007913215085864067,0.0014639015619953473,0.04660909250378609,0.00372581765986979,0.0037649243604391813,0.0028582364320755005,0.003899047849699855
159,train,0.008167574625639688,0.008167574647814035,,,0.0015144492499530315,0.002438838593661785,0.0025723236612975597,0.0034550323616713285
159,val,0.008080046091760908,0.00808004600306352,0.00155182307450256,0.047249387949705124,0.003665848635137081,0.0038392965216189623,0.0029001226648688316,0.003977265674620867
160,train,0.007993568976720175,0.007993569131940603,,,0.0030103756580501795,0.003658546367660165,0.002162019722163677,0.001543534337542951
160,val,0.00882748585371744,0.00882748607546091,0.0014847662969259545,0.052883803844451904,0.0038669302593916655,0.003903399920091033,0.003000061959028244,0.004150222521275282
161,train,0.008478768879459017,0.008478769101202488,,,0.0031290894839912653,0.002019858453422785,0.0022709451150149107,0.004087804816663265
161,val,0.00892255206902822,0.00892255206902822,0.0013106274176000927,0.05459409952163696,0.003594537265598774,0.003911311272531748,0.0031381782609969378,0.0041557722724974155
162,train,0.008551048026198433,0.00855104811489582,,,0.006075706332921982,0.004498626571148634,0.0041516912169754505,0.004684299696236849
162,val,0.009324543887660616,0.009324543798963228,0.0015402526478283107,0.05603029206395149,0.0037006300408393145,0.003930117469280958,0.003355360822752118,0.0043016900308430195
163,train,0.009487667608828772,0.009487667741874853,,,0.0018739931983873248,0.00444383779540658,0.0053136288188397884,0.004886610899120569
163,val,0.009077995660759154,0.009077995705107847,0.0014669252559542656,0.0547444187104702,0.003696206258609891,0.003672322491183877,0.0032380588818341494,0.004397904966026545
164,train,0.009291649929114751,0.009291649796068668,,,0.0009996620938181877,0.002109606983140111,0.004774808883666992,0.004537743981927633
164,val,0.007864818331741151,0.007864818287392458,0.0013667739791950833,0.046853091567754745,0.0035780060570687056,0.003623044351115823,0.002871698932722211,0.004054740536957979
165,train,0.00856496003412065,0.008564960211515427,,,0.002244299743324518,0.0017705172067508101,0.002904054708778858,0.005428678821772337
165,val,0.00781694728703726,0.007816947375734648,0.0014216101117199287,0.046188969165086746,0.00352521357126534,0.0035232214722782373,0.0029369965195655823,0.003964368253946304
166,train,0.008063325569743202,0.008063325347999731,,,0.0016104154055938125,0.002378421137109399,0.002081329468637705,0.004002812784165144
166,val,0.00829573365904036,0.008295733792086443,0.0013930892940455426,0.049711596220731735,0.003609563922509551,0.003628321923315525,0.0031884124036878347,0.0043830471113324165
167,train,0.008433767017864045,0.008433766973515352,,,0.004212998319417238,0.0030282356310635805,0.0023927870206534863,0.0030970510561019182
167,val,0.008422632302556719,0.008422632391254107,0.0014048666295517858,0.050529222935438156,0.0036822035908699036,0.0036343317478895187,0.0029396938625723124,0.003952820785343647
168,train,0.008494754277524493,0.00849475401143233,,,0.006508498918265104,0.004621580708771944,0.0022184555418789387,0.0015641901409253478
168,val,0.007817409932613373,0.007817409932613373,0.0012880396825494245,0.04699363186955452,0.003515558084473014,0.0034672580659389496,0.00270491442643106,0.0037815591786056757
169,train,0.007724519819021225,0.007724519819021225,,,0.0041919881477952,0.002954515628516674,0.0022597808856517076,0.0015519498847424984
169,val,0.008370132318564824,0.008370132185518742,0.0013911342830397189,0.05024411901831627,0.00348404492251575,0.003472104435786605,0.002794597065076232,0.003952078055590391
170,train,0.008275473046870459,0.00827547317991654,,,0.0028776908293366432,0.003218355355784297,0.002552568446844816,0.002800258807837963
170,val,0.008325338008857909,0.008325338053206602,0.0014743686188012362,0.049431148916482925,0.0038209734484553337,0.0035491122398525476,0.0027993463445454836,0.003922617062926292
171,train,0.008202895344722839,0.008202895056456327,,,0.002437339164316654,0.0012591842096298933,0.0011900054523721337,0.0033457335084676743
171,val,0.007836670393035525,0.007836670614778996,0.0013005058378136407,0.047053661197423935,0.0034686194267123938,0.003463724395260215,0.0028042735066264868,0.004130119923502207
172,train,0.008429239903177534,0.008429239814480146,,,0.0029766082298010588,0.003917216323316097,0.0038147196173667908,0.004221791867166758
172,val,0.007752840717633565,0.007752840717633565,0.00175133294154269,0.04376189038157463,0.003731532022356987,0.0034195876214653254,0.0028340083081275225,0.003935131710022688
173,train,0.008289712880338942,0.008289712791641554,,,0.004553459584712982,0.003850118489935994,0.003888835897669196,0.005329720675945282
173,val,0.008104678420793442,0.008104678553839525,0.0016430242928133036,0.04687459394335747,0.003593303030356765,0.0034263425040990114,0.0031296040397137403,0.00402449956163764
174,train,0.007929576294762748,0.007929576250414053,,,0.0011225745547562838,0.0019525763345882297,0.002231772756204009,0.0012390990741550922
174,val,0.008774147856803168,0.008774147989849249,0.0016338318237103522,0.05161604285240173,0.003628883510828018,0.0035795888397842646,0.003576460527256131,0.005290219560265541
175,train,0.008515052497386932,0.008515052186946074,,,0.003247111104428768,0.002544885966926813,0.0019861357286572456,0.0030746699776500463
175,val,0.007981121894859132,0.007981121850510439,0.0015303827919221173,0.046685557812452316,0.0033852355554699898,0.0034051609691232443,0.002784573473036289,0.003948861267417669
176,train,0.008128500055699121,0.008128500233093897,,,0.002199959009885788,0.0033532900270074606,0.003870980115607381,0.005279086530208588
176,val,0.007851864965189071,0.007851864832142988,0.0013123299674286197,0.047089073807001114,0.0034130725543946028,0.003203155705705285,0.002681115875020623,0.004046711605042219
177,train,0.008095677321155867,0.008095677631596724,,,0.0006923827459104359,0.0011388725833967328,0.0016489195404574275,0.002501268871128559
177,val,0.0074423494793119885,0.0074423495680093765,0.0014176474651321769,0.04359056055545807,0.0035621451679617167,0.0032789369579404593,0.0025685725267976522,0.0037772285286337137
178,train,0.007576678569118182,0.007576678569118182,,,0.0014745810767635703,0.0015759739326313138,0.0011769820703193545,0.0014611809747293591
178,val,0.007361872565178644,0.007361872432132562,0.0012732156077011798,0.04389381408691406,0.0034660242963582277,0.003156698076054454,0.0025585175026208162,0.0038464211393147707
179,train,0.007789322662921179,0.007789322795967261,,,0.00235730386339128,0.001483671017922461,0.001308244070969522,0.0019592877943068743
179,val,0.007082906507310413,0.007082906551659107,0.0012610015595176567,0.04201434180140495,0.003358514979481697,0.0031154879834502935,0.002561333356425166,0.003915512468665838
180,train,0.007129024891626267,0.0071290248694519205,,,0.0007896709721535444,0.0012736745411530137,0.002344974782317877,0.005352918058633804
180,val,0.007461719924495334,0.007461720146238804,0.0013252488715806976,0.04428054392337799,0.0033939797431230545,0.003080783411860466,0.0025964484084397554,0.003851487999781966
181,train,0.007388777853477569,0.007388777875651916,,,0.0011264111381024122,0.0021202212665230036,0.0024329449515789747,0.0035106369759887457
181,val,0.007357592029230935,0.007357592073579629,0.0012191174949596946,0.04418843984603882,0.003512893570587039,0.0032472640741616488,0.002681186655536294,0.003830483416095376
182,train,0.007283526871885572,0.007283527093629043,,,0.0020676394924521446,0.0015767061850056052,0.0016026860103011131,0.002571907127276063
182,val,0.0074668799837430315,0.0074668799837430315,0.0012277294396578025,0.0449017770588398,0.003372411010786891,0.0031377198174595833,0.002666628686711192,0.003668180899694562
183,train,0.007403049440610977,0.0074030496180057526,,,0.002660166472196579,0.003994453232735395,0.003092559054493904,0.0022179370280355215
183,val,0.007179321277709235,0.007179321410755317,0.001233667285608438,0.04285323992371559,0.0034010130912065506,0.0031139682978391647,0.002514135790988803,0.0036119716241955757
184,train,0.007238830129305522,0.007238830129305522,,,0.0031538421753793955,0.004425405524671078,0.0031657861545681953,0.0033160485327243805
184,val,0.006932000319163005,0.006932000319163005,0.0012678631610469893,0.04091682657599449,0.003329080529510975,0.0030264779925346375,0.0024586033541709185,0.0037090443074703217
185,train,0.006940613899912153,0.006940613811214765,,,0.0017614164389669895,0.003524054540321231,0.0025285622105002403,0.0020874682813882828
185,val,0.006893715333370935,0.006893715510765712,0.0012391890292443957,0.04082087054848671,0.003342962823808193,0.002973973983898759,0.002440233016386628,0.003797892713919282
186,train,0.006926647254398891,0.006926647077004115,,,0.0038959113880991936,0.0016357529675588012,0.0019329958595335484,0.0033597422298043966
186,val,0.006885670835063571,0.006885670746366183,0.0012262092592815559,0.040842439979314804,0.0033060552086681128,0.002981562167406082,0.002402151469141245,0.0038989896420389414
187,train,0.006946881079957599,0.0069468811464806395,,,0.0012954461853951216,0.0022142797242850065,0.00282171368598938,0.003844684921205044
187,val,0.006783539340609596,0.006783539118866126,0.0011529343173606321,0.040567170828580856,0.003216274781152606,0.002870837925001979,0.0023752532433718443,0.003786189714446664
188,train,0.00683494604059628,0.006834946107119322,,,0.0021349869202822447,0.001986709190532565,0.0010004396317526698,0.001320893527008593
188,val,0.0067345308406012395,0.00673453106234471,0.0011143294347372528,0.040455736219882965,0.0032291822135448456,0.0028671713080257177,0.002367947483435273,0.003775356337428093
189,train,0.006764548875036694,0.006764548985908429,,,0.0022524555679410696,0.0021332071628421545,0.0011251071700826287,0.0012371474876999855
189,val,0.0066504279772440595,0.0066504279772440595,0.0011148615546214085,0.03986382484436035,0.0032260806765407324,0.0028579290956258774,0.002371389651671052,0.0037121272180229425
190,train,0.006739140443858646,0.00673914048820734,,,0.004084671847522259,0.0014947936870157719,0.0009774666978046298,0.0013818362494930625
190,val,0.006990042470750355,0.006990042515099049,0.0011724981644268457,0.0418953038752079,0.0032971054315567017,0.0028673838824033737,0.002427799394354224,0.0037624703254550695
191,train,0.00697474092954681,0.006974740729977687,,,0.003916595596820116,0.0022008742671459913,0.0009339778334833682,0.000766928365919739
191,val,0.006725516525052842,0.006725516480704148,0.001119064778322354,0.040364231914281845,0.003236873308196664,0.0028284061700105667,0.002355664735659957,0.0036824895069003105
192,train,0.006950298412924721,0.0069502984794477625,,,0.003134649945423007,0.0027896759565919638,0.001654607243835926,0.0014214912662282586
192,val,0.0067846257062185375,0.0067846256618698435,0.0011377896492679913,0.0406656414270401,0.0032128451857715845,0.0029219528660178185,0.002369445050135255,0.0037957581225782633
193,train,0.006918794342449733,0.006918794320275386,,,0.004740705713629723,0.0018603485077619553,0.0014345661038532853,0.0021710593719035387
193,val,0.006696861946866626,0.006696861858169238,0.001145434735614496,0.04000541940331459,0.003271496156230569,0.0028393075335770845,0.0023311611730605364,0.0036235826555639505
194,train,0.006906917407399132,0.006906917318701744,,,0.002191792009398341,0.0026587515603750944,0.001873748260550201,0.0031712399795651436
194,val,0.006692551785991306,0.0066925520077347755,0.001201446691993624,0.0396391786634922,0.003215041244402528,0.0027809487655758858,0.002319046063348651,0.0038265951443463564
195,train,0.006789935841446831,0.006789935752749443,,,0.0026002745144069195,0.0017675234703347087,0.001222361228428781,0.0014787712134420872
195,val,0.006637351321322578,0.0066373515874147415,0.0011224791184455778,0.039726585149765015,0.003215199103578925,0.0027478027623146772,0.0023145785089582205,0.0036843314301222563
196,train,0.006922411421934764,0.006922411421934764,,,0.0028630138840526342,0.0032987219747155905,0.0027916524559259415,0.0039809029549360275
196,val,0.006627557887917473,0.006627557799220085,0.0011814215055589254,0.039304375648498535,0.0031509744003415108,0.002764748176559806,0.002356496872380376,0.0038649963680654764
197,train,0.006692210833231608,0.006692210833231608,,,0.0025222713593393564,0.0032321682665497065,0.0023115563672035933,0.0035636804532259703
197,val,0.006585503617922465,0.006585503617922465,0.0011300359231730301,0.03931831195950508,0.0031680783722549677,0.0027056655380874872,0.0022548718843609095,0.0037024402990937233
198,train,0.0067292483789580205,0.006729248600701491,,,0.003292950103059411,0.004129624459892511,0.003160421969369054,0.003740875283256173
198,val,0.006558526484739213,0.006558526307344437,0.0011587008387626458,0.03895747661590576,0.0032494550105184317,0.002703371224924922,0.0023092629853636026,0.0037939369212836027
199,train,0.0068320101570515405,0.0068320101127028465,,,0.0019993376918137074,0.0037879107985645533,0.0028499197214841843,0.0015763536794111133
199,val,0.0064903366423788526,0.006490336420635383,0.0011538415419636294,0.0385093055665493,0.0032040446531027555,0.002659483579918742,0.002308453666046262,0.0037530697882175446
200,train,0.006711643721376147,0.006711643810073535,,,0.003978824708610773,0.0013907571556046605,0.0014525653095915914,0.0024629775434732437
200,val,0.006592683848880586,0.006592683804531892,0.0011426218406995758,0.03929305076599121,0.003178160870447755,0.002679502824321389,0.002360367449000478,0.0037781691644340754
201,train,0.006718481935205914,0.00671848189085722,,,0.002399788936600089,0.0012998675229027867,0.0018476528348401189,0.004582345951348543
201,val,0.006587024068548566,0.006587023846805096,0.0010793199520170067,0.03963325172662735,0.0031283367425203323,0.002616610610857606,0.0023272987455129623,0.0039277756586670876
202,train,0.006576394218774069,0.006576394351820151,,,0.003516887314617634,0.0013528279960155487,0.001036612200550735,0.0012990531977266073
202,val,0.006584209345635914,0.006584209389984608,0.0010943909437628463,0.03952312096953392,0.0032147059682756662,0.0025956619065254927,0.0023144655860960484,0.0036719907075166702
203,train,0.006498693710281735,0.006498693798979123,,,0.004757633898407221,0.002904726890847087,0.0026120461989194155,0.0035991091281175613
203,val,0.006728701116073699,0.006728700983027617,0.0012918313295813277,0.03934992104768753,0.0031166982371360064,0.0027718276251107454,0.002459489507600665,0.003739834064617753
204,train,0.006661698754344668,0.006661698843042056,,,0.0008409189176745713,0.0012799198739230633,0.0021826617885380983,0.004268459975719452
204,val,0.006620208777132488,0.006620208732783794,0.0013748492589608456,0.038092371076345444,0.00318330735899508,0.002798927715048194,0.0023439067881554365,0.0037164080422371626
205,train,0.006650121793860481,0.0066501217273374396,,,0.0022703895810991526,0.002052895026281476,0.001569376210682094,0.00213214592076838
205,val,0.006427280959628877,0.006427280915280183,0.0011726840069362272,0.03795486316084862,0.0031472656410187483,0.0026525184512138367,0.002228414872661233,0.0036129059735685587
206,train,0.006428154983690807,0.0064281549615164595,,,0.001903016003780067,0.0022190252784639597,0.0013439222238957882,0.0012087458744645119
206,val,0.006404354813553038,0.006404354857901732,0.0010454881169910852,0.03855755552649498,0.003076898632571101,0.0025054030120372772,0.0021949224174022675,0.0036251358687877655
207,train,0.006490377797966912,0.006490377864489953,,,0.0031019675079733133,0.0014196340925991535,0.0014591921353712678,0.003446784568950534
207,val,0.0063069530186199005,0.0063069527968764305,0.0010954111639875919,0.037576206028461456,0.003029271261766553,0.0025592378806322813,0.0022320402786135674,0.003700084751471877
208,train,0.006330265885307675,0.006330265974005063,,,0.0028683224227279425,0.0019391776295378804,0.0019314099336043,0.004483874421566725
208,val,0.006335132178806123,0.006335132134457429,0.0010295798662506666,0.03816844895482063,0.003091000020503998,0.0025092570576816797,0.002253980841487646,0.0036655969452112913
209,train,0.006286742076987312,0.006286742010464271,,,0.0034475931897759438,0.0021121876779943705,0.0015186117962002754,0.0015571769326925278
209,val,0.006409181725411188,0.006409181592365106,0.0011418742603079106,0.038013022392988205,0.0030954715330153704,0.0025495814625173807,0.0022465430665761232,0.0035840494092553854
210,train,0.00644222895304362,0.006442229108264049,,,0.0017621495062485337,0.00123306130990386,0.0013180696405470371,0.002428496489301324
210,val,0.006232161074876785,0.006232161074876785,0.0010894052247749642,0.03708869591355324,0.003050439292564988,0.002483916934579611,0.002215262735262513,0.0036528652999550104
211,train,0.006355331057593936,0.006355331124116977,,,0.0032506955321878195,0.001083139912225306,0.0010805854108184576,0.0014965375885367393
211,val,0.006183454145987828,0.006183454145987828,0.0010505194707851235,0.036981064826250076,0.003096626838669181,0.0024360273964703083,0.002156637841835618,0.003594041569158435
212,train,0.0062637048817816236,0.006263704815258582,,,0.001720117055810988,0.0023775387089699507,0.0019384968327358365,0.0028812242671847343
212,val,0.006212353528965087,0.006212353706359863,0.0010590386373223737,0.03713224455714226,0.0030010270420461893,0.00244197272695601,0.0021692856680601835,0.0036507463082671165
213,train,0.006277237442277726,0.006277237397929032,,,0.0023279462475329638,0.0021860208362340927,0.0016410663956776261,0.001333730760961771
213,val,0.006076164543628693,0.006076164543628693,0.0010669094723804544,0.03613169491291046,0.002974036382511258,0.002409891691058874,0.002142090117558837,0.003530646674335003
214,train,0.006236749213366281,0.006236749235540628,,,0.004023490473628044,0.0019250322366133332,0.0018173212883993983,0.0024474316742271185
214,val,0.006192781563316073,0.006192781652013461,0.001112830587468731,0.03667248785495758,0.0030626480001956224,0.002515576547011733,0.0021334460470825434,0.0035635277163237333
215,train,0.00633032460297857,0.006330324492106835,,,0.0020893586333841085,0.0024566093925386667,0.002659766934812069,0.003376782638952136
215,val,0.006095513346649352,0.006095513390998046,0.0010865055858933677,0.036149557679891586,0.003031112253665924,0.0023873739410191774,0.00219213729724288,0.003558020107448101
216,train,0.0061157022913297015,0.006115702446550131,,,0.004007409792393446,0.002719431882724166,0.0013738315319642425,0.0012440377613529563
216,val,0.006050696685200646,0.006050696596503258,0.0010555643142045785,0.03602148965001106,0.002935187891125679,0.0023487999569624662,0.0021079133730381727,0.003578395349904895
217,train,0.006155601658281826,0.006155601625020306,,,0.0009263902902603149,0.0016882374184206128,0.0013521690852940083,0.0009851927170529962
217,val,0.005986584971348445,0.005986584971348445,0.001046590696205385,0.035626549273729324,0.0029267948120832443,0.002360053127631545,0.0020889821462333202,0.0036055801901966333
218,train,0.006161865201734361,0.006161865157385667,,,0.001753146294504404,0.002694091061130166,0.0019244290888309479,0.0026073160115629435
218,val,0.006188168412163144,0.006188168190419674,0.0010844516170133527,0.03681047260761261,0.002978770760819316,0.002334767021238804,0.0021334360353648663,0.00358758051879704
219,train,0.006383072762262253,0.006383072895308335,,,0.0029403818771243095,0.0017795697785913944,0.0008582877926528454,0.0006760546821169555
219,val,0.006576419586227054,0.006576419497529666,0.001099338265097079,0.03943890705704689,0.0028797851409763098,0.0022953078150749207,0.002294352278113365,0.004054094199091196
220,train,0.006565319995085399,0.006565320150305827,,,0.0018644146621227264,0.0022898674942553043,0.0024657321628183126,0.0027653854340314865
220,val,0.006693684096847262,0.006693683875103791,0.0010583527036942542,0.04050566628575325,0.002892538905143738,0.002409194828942418,0.0024386669974774122,0.0039468687027692795
221,train,0.0065995511554536365,0.0065995510667562485,,,0.0017569013871252537,0.0022521864157170057,0.0018981083994731307,0.001596760586835444
221,val,0.006494029824222837,0.006494029735525449,0.0010733744808627914,0.03901796415448189,0.002922968240454793,0.0026197098195552826,0.002232362749055028,0.003955417778342962
222,train,0.0064526959544136415,0.006452695777018865,,,0.0010070897405967116,0.002325748559087515,0.002728290157392621,0.0051145912148058414
222,val,0.006326304482562202,0.006326304438213508,0.001064233569195494,0.03789873048663139,0.0029042407404631376,0.002361847320571542,0.0021992630790919065,0.003604535711929202
223,train,0.00640459731221199,0.00640459731221199,,,0.0018981690518558025,0.0037646768614649773,0.0023106711450964212,0.001531846821308136
223,val,0.00650103407956305,0.006501034212609132,0.0010945335428308074,0.03894003853201866,0.0029264988843351603,0.002315772231668234,0.0022188134025782347,0.0034927392844110727
224,train,0.006534411616268612,0.006534411571919918,,,0.00149576086550951,0.0010880321497097611,0.0014279218157753348,0.0027518540155142546
224,val,0.006185495605071385,0.006185495605071385,0.001057900827921306,0.03695106506347656,0.0028616245836019516,0.002265700837597251,0.0021347317378968,0.003707406111061573
225,train,0.0066147485659236,0.006614748388528824,,,0.0033537058625370264,0.0036962470039725304,0.004021243192255497,0.006281179841607809
225,val,0.0070588597584338416,0.0070588598027825356,0.0011335727710199233,0.04261058568954468,0.0029240576550364494,0.0025108330883085728,0.002251646714285016,0.0036384155973792076
226,train,0.00730448393594651,0.00730448371420304,,,0.003412103047594428,0.0013116555055603385,0.0013960880460217595,0.002235308289527893
226,val,0.007284875426973615,0.007284875338276227,0.001039645452692639,0.04475625231862068,0.003000406315550208,0.0024018853437155485,0.0026138722896575928,0.003986374009400606
227,train,0.007180487293572653,0.007180487426618735,,,0.0008887325529940426,0.0022396640852093697,0.0027055914979428053,0.005267289001494646
227,val,0.006293585257870811,0.006293585213522117,0.001003864129112723,0.03803190961480141,0.0029047320131212473,0.0024274582974612713,0.002245325827971101,0.0036693208385258913
228,train,0.00646516875851722,0.00646516898026069,,,0.002418388146907091,0.0013915338786318898,0.002395786577835679,0.005245193373411894
228,val,0.005815863964103517,0.005815863919754823,0.0010051035351352766,0.03468042612075806,0.0028641866520047188,0.0022209887392818928,0.002067973604425788,0.0036280101630836725
229,train,0.006101387597265698,0.006101387397696574,,,0.0016608764417469501,0.0025262762792408466,0.0024908094201236963,0.00343373604118824
229,val,0.005912759474345616,0.005912759651740392,0.0010265177649368222,0.035230208188295364,0.0029213048983365297,0.002207585610449314,0.002057634526863694,0.003495424287393689
230,train,0.006231776926489104,0.006231777059535186,,,0.001999121392145753,0.0008428997825831175,0.0011656408896669745,0.0016951843863353133
230,val,0.0057803259364196235,0.005780326047291358,0.0010142530178806435,0.03437676653265953,0.0028405541088432074,0.0021185444202274084,0.002038446022197604,0.003477029502391815
231,train,0.00591630648289408,0.005916306593765815,,,0.0017757221357896924,0.003139370819553733,0.002509648445993662,0.0023337563034147024
231,val,0.005744323311817078,0.00574432344486316,0.0009647494249899561,0.03442176803946495,0.0028206126298755407,0.002093150280416012,0.0020304315257817507,0.003591775894165039
232,train,0.005830380356027966,0.005830380289504926,,,0.0017797545297071338,0.0007554579642601311,0.0008126507163979113,0.0007826288347132504
232,val,0.005785348514715831,0.005785348359495401,0.00101874156583411,0.034384991973638535,0.0027681568171828985,0.0021061354782432318,0.0020464370027184486,0.0036793958861380816
233,train,0.0058248209811392285,0.0058248210698366165,,,0.0031110811978578568,0.002476296853274107,0.0022613441105931997,0.00360680534504354
233,val,0.005885813207853408,0.005885813074807326,0.0010129733273060992,0.03512285277247429,0.002844259375706315,0.002190743340179324,0.002063098829239607,0.0035632557701319456
234,train,0.005989035502785728,0.005989035591483116,,,0.005121654365211725,0.003065219148993492,0.002857712097465992,0.005324164405465126
234,val,0.005669838261036645,0.005669838127990563,0.0009631605159180859,0.03390990570187569,0.0028020835015922785,0.0020935870707035065,0.0019863119814544916,0.0035235329996794462
235,train,0.005888569390489941,0.005888569323966901,,,0.003979154396802187,0.0012392894132062793,0.0009439887944608927,0.001361393486149609
235,val,0.0056499796254294255,0.005649979691952467,0.0009562639800909286,0.0338122732937336,0.002785698277875781,0.0021673550363630056,0.0020775136072188616,0.0034569876734167337
236,train,0.005878146383024398,0.005878146504983306,,,0.00041908500134013593,0.0007391275721602142,0.0008895127684809268,0.0015899315476417542
236,val,0.005582389909596671,0.005582389887422323,0.0009111703160063674,0.03360970318317413,0.0027742551174014807,0.0020672688260674477,0.0019559531938284636,0.0034616708289831877
237,train,0.005641943464676539,0.005641943464676539,,,0.0015497119165956974,0.0020926508586853743,0.001369400299154222,0.001276168623007834
237,val,0.005726125091314316,0.005726125091314316,0.0009987262358966593,0.03409051522612572,0.0027095715049654245,0.0019957497715950012,0.0019734182860702276,0.0035582988057285547
238,train,0.005830698070071992,0.0058306981809437275,,,0.0020922657568007708,0.0016768425703048706,0.002234484301880002,0.0030214705038815737
238,val,0.005609880955446334,0.005609880977620681,0.001047870299468438,0.03298194706439972,0.002717906842008233,0.0020684818737208843,0.002051102928817272,0.0035387000534683466
239,train,0.005745151922816322,0.005745151856293281,,,0.0015842515276744962,0.0007960405782796443,0.0009906628401950002,0.0017156951362267137
239,val,0.005813382565975189,0.005813382565975189,0.0009284894234345605,0.035122741013765335,0.0029438247438520193,0.0022033860441297293,0.0022661411203444004,0.003537840209901333
240,train,0.005781126873833793,0.005781126829485099,,,0.0028996674809604883,0.0025772389490157366,0.0031273160129785538,0.0058656600303947926
240,val,0.006126958699453445,0.006126958566407363,0.0009794731546814244,0.037011876702308655,0.002797315828502178,0.002108724555000663,0.0021970525849610567,0.00363146117888391
241,train,0.006093892135790416,0.00609389195839564,,,0.003928507678210735,0.002437079092487693,0.0018674206221476197,0.0033380945678800344
241,val,0.006143448253472646,0.006143448253472646,0.0010099179344251752,0.03694463148713112,0.002783573931083083,0.0021697639022022486,0.00207583699375391,0.003671421902254224
242,train,0.006008328071662358,0.006008328249057134,,,0.003682384267449379,0.0013920473866164684,0.0007255181553773582,0.0013769222423434258
242,val,0.006913009676195327,0.006913009720544021,0.0011706835697016988,0.04136696830391884,0.0027534153778105974,0.002463449025526643,0.0021862538997083902,0.0035751843824982643
243,train,0.006586361499059768,0.006586361676454544,,,0.0016835849964991212,0.001773797906935215,0.0018755794735625386,0.003587391460314393
243,val,0.006655487631048475,0.006655487697571516,0.0011008949804818258,0.03998304903507233,0.002670915797352791,0.001975645311176777,0.002070734044536948,0.003534633433446288
244,train,0.006356435694864818,0.006356435517470042,,,0.001536768744699657,0.0027892272919416428,0.0023124092258512974,0.001706395880319178
244,val,0.006017878119434629,0.006017878030737241,0.0011164296593051404,0.03542656823992729,0.002662735292688012,0.0020800873171538115,0.0020385924726724625,0.003601742209866643
245,train,0.005925173826870464,0.005925173715998729,,,0.002375744516029954,0.0014051469042897224,0.0008837164496071637,0.0011960807023569942
245,val,0.005836353770324162,0.005836353792498509,0.0010574263869784772,0.034509915858507156,0.002684613922610879,0.0021420521661639214,0.002198621165007353,0.0035931828897446394
246,train,0.00573705296431269,0.005737053075184424,,,0.001504062209278345,0.0020564633887261152,0.0018183238571509719,0.0030094243120402098
246,val,0.005753971458900543,0.005753971636295319,0.0010597685880687397,0.033919189125299454,0.0028159029316157103,0.0020597425755113363,0.0020796163007616997,0.0036519235000014305
247,train,0.005832240340255555,0.005832240295906861,,,0.0021904080640524626,0.0015145064098760486,0.0016917175380513072,0.0013382333563640714
247,val,0.005627065542198363,0.005627065741767486,0.0010134666566348944,0.03330865874886513,0.0026720890309661627,0.001905401237308979,0.001963238464668393,0.0035079149529337883
248,train,0.005789000186182204,0.005789000075310469,,,0.0017454574117437005,0.0008996929391287267,0.0017690371023491025,0.003165110247209668
248,val,0.005802282442649205,0.005802282597869635,0.0009634351517888717,0.034835364669561386,0.002664335770532489,0.001934971776790917,0.0019172332249581814,0.0034357644617557526
249,train,0.005922125563735054,0.005922125652432442,,,0.002049844479188323,0.0024047873448580503,0.002129902830347419,0.002678440185263753
249,val,0.005555711331821624,0.005555711376170318,0.0010214753153074223,0.03276113048195839,0.002627684036269784,0.0018847351893782616,0.0018828100292012095,0.003472169628366828
250,train,0.005743018218449184,0.005743018196274837,,,0.002718632109463215,0.0013206511503085494,0.001016466529108584,0.0014832235174253583
250,val,0.0053568459337665925,0.005356845756371816,0.001005538593744859,0.03146468475461006,0.002618813654407859,0.0018929842626675963,0.0019000397296622396,0.003384298412129283
251,train,0.005654167561304001,0.005654167694350083,,,0.0017879806691780686,0.0035279353614896536,0.0034108248073607683,0.0036163392942398787
251,val,0.005439067525523049,0.005439067414651315,0.0008981116358578826,0.0326848030090332,0.002594825578853488,0.0018349853344261646,0.0019202153198421001,0.0034562936052680016
252,train,0.005839522395815168,0.0058395226175586385,,,0.0037076452281326056,0.002863486995920539,0.002995682181790471,0.0030374163761734962
252,val,0.005594930123715173,0.00559493030110995,0.0009655076816367606,0.033371467143297195,0.0025876397266983986,0.001889332546852529,0.0019081925274804235,0.003499214304611087
253,train,0.005739467307215645,0.0057394673737386865,,,0.0015944084152579308,0.0011343314545229077,0.0016749590868130326,0.0033507682383060455
253,val,0.005636882746503467,0.005636882813026507,0.0010565604461589828,0.03311881795525551,0.002637329511344433,0.0019318353151902556,0.0019051189301535487,0.00349296722561121
254,train,0.005654193638336091,0.005654193616161744,,,0.0016263617435470223,0.0010504607344046235,0.0012867917539551854,0.002673272043466568
254,val,0.005497652682520095,0.005497652726868789,0.001080334433936514,0.0320015624165535,0.0027049973141402006,0.0019456016598269343,0.0019076383905485272,0.0033969301730394363
255,train,0.005555039183014915,0.005555039271712303,,,0.002873135032132268,0.0012757977237924933,0.0015172268031165004,0.002601424464955926
255,val,0.005407554407914479,0.005407554563134909,0.0010139493727668498,0.03176918253302574,0.00267423246987164,0.0018923227908089757,0.0019539392087608576,0.0033501165453344584
256,train,0.005444381563436417,0.005444381696482499,,,0.0019443848868831992,0.0018864357843995094,0.0018185722874477506,0.0027339064981788397
256,val,0.005509701867898305,0.0055097017126778764,0.000986884910768519,0.03264660760760307,0.0026479822117835283,0.0018834988586604595,0.0020177755504846573,0.0033640700858086348
257,train,0.005461748689413071,0.005461748534192641,,,0.0006301356479525566,0.0015524834161624312,0.001908455160446465,0.0030649781692773104
257,val,0.005553179908366431,0.005553179886192083,0.0009973895357688889,0.03288792073726654,0.002573931822553277,0.001884373021312058,0.0020579949487000704,0.0036076614633202553
258,train,0.005577700833479564,0.005577700833479564,,,0.002546923467889428,0.001336763147264719,0.0011118490947410464,0.002323098946362734
258,val,0.005282434679213024,0.00528243463486433,0.0009826047801955913,0.031081415712833405,0.0025275934021919966,0.0017948620952665806,0.001886808662675321,0.0033762159291654825
259,train,0.005269908967117469,0.005269908928312361,,,0.0004849684191867709,0.000675712653901428,0.0005612902459688485,0.0005052693304605782
259,val,0.0054925720961320965,0.0054925720517834025,0.0009578093837869043,0.032701145857572556,0.0025327173061668873,0.0018359582172706723,0.0019024511566385627,0.0033226979430764914
260,train,0.005438522125283877,0.005438522202894092,,,0.0024381019175052643,0.0009488764335401356,0.0005471822223626077,0.0005885527934879065
260,val,0.005264562155519213,0.005264562088996172,0.0009132900449912995,0.03137219324707985,0.002527534728869796,0.0018256781622767448,0.0018773352494463325,0.0033111965749412775
261,train,0.005272800191527321,0.0052728002580503626,,,0.0029185330495238304,0.0016219945391640067,0.0011806875700131059,0.000983659760095179
261,val,0.005236117080563591,0.005236117014040549,0.0009864583043963648,0.030734071508049965,0.0025204780977219343,0.0018136933213099837,0.0018021916039288044,0.0032726770732551813
262,train,0.005289074388288316,0.005289074343939622,,,0.001963589107617736,0.00218462897464633,0.0013947306433692575,0.0015379878459498286
262,val,0.005501072321619306,0.005501072232921918,0.0009491805540164933,0.03281242027878761,0.0025509668048471212,0.0017705796053633094,0.0019559196662157774,0.003429223084822297
263,train,0.005436465676341738,0.005436465765039126,,,0.0023524072021245956,0.0010595156345516443,0.000796822365373373,0.0014001880772411823
263,val,0.005621306952976045,0.00562130706384778,0.000953773211222142,0.03362651169300079,0.0025025804061442614,0.0017211599042639136,0.002031399868428707,0.003801927203312516
264,train,0.005550233735924675,0.005550233647227287,,,0.0005914654466323555,0.0005816785269416869,0.0015272923046723008,0.004386227577924728
264,val,0.005259155517532712,0.005259155451009671,0.000895333374501206,0.03144208714365959,0.0024118488654494286,0.0017180955037474632,0.001988296862691641,0.0034252924378961325
265,train,0.005375834270602181,0.005375834337125222,,,0.0025353787932544947,0.00211875862441957,0.0013249507173895836,0.0017902342369779944
265,val,0.005146229550952003,0.005146229639649391,0.0009055300082157677,0.030590428039431572,0.0025659154634922743,0.0017917118966579437,0.0017959453398361802,0.0033002160489559174
266,train,0.005378784523123787,0.005378784456600745,,,0.002666892483830452,0.0013051264686509967,0.0009974101558327675,0.002970605157315731
266,val,0.005111446515435264,0.005111446448912223,0.000927121839292037,0.03021739423274994,0.002472474006935954,0.001687814830802381,0.001788463443517685,0.0033371448516845703
267,train,0.005188356109318279,0.005188356153666973,,,0.0016125192632898688,0.0015179709298536181,0.0014280361356213689,0.0010138896759599447
267,val,0.005393517514069875,0.005393517514069875,0.0010056694348653157,0.0317206047475338,0.002446376485750079,0.0017742206109687686,0.0018150253454223275,0.0032244340982288122
268,train,0.0053853921237446015,0.0053853920350472135,,,0.001627354882657528,0.0010666439775377512,0.0019016708247363567,0.0034239336382597685
268,val,0.005450894257852009,0.005450894435246785,0.0010048485564766452,0.032127171754837036,0.0025605468545109034,0.0018301228992640972,0.001823937171138823,0.0033182220067828894
269,train,0.005543812754608336,0.00554381279895703,,,0.002896193414926529,0.000909825146663934,0.001161344232968986,0.0026874456088989973
269,val,0.005207085183688572,0.00520708505064249,0.0009484528321384763,0.030758878216147423,0.0024236575700342655,0.0017745759105309844,0.0018802657723426819,0.0034233340993523598
270,train,0.00521970194365297,0.005219701832781236,,,0.0016532321460545063,0.0013288793852552772,0.0013081078650429845,0.0008894818020053208
270,val,0.005437972467570077,0.005437972489744425,0.0008797259749068568,0.03278745338320732,0.002429804066196084,0.0017041027313098311,0.002015245147049427,0.0035395321901887655
271,train,0.005400791852956726,0.005400791764259338,,,0.0025937282480299473,0.0010423576459288597,0.0008564990130253136,0.0014538080431520939
271,val,0.005035446690661567,0.005035446801533301,0.0008848608655777449,0.029938964173197746,0.002401194768026471,0.0016948903212323785,0.00179352390114218,0.00327334925532341
272,train,0.00514683322537513,0.005146833291898171,,,0.0005535886157304049,0.0008495452348142862,0.0014725582441315055,0.003680453635752201
272,val,0.0050449059123084655,0.005044905934482813,0.0009304033058773106,0.02973191998898983,0.0024086060002446175,0.0016422751359641552,0.0017550733173266053,0.003243203042075038
273,train,0.005094627007132485,0.005094627073655526,,,0.001654734369367361,0.0016449837712571025,0.0017042210092768073,0.002853567712008953
273,val,0.005205054545686359,0.005205054612209399,0.0008872756249426553,0.03111172653734684,0.0023618482518941164,0.0016367245698347688,0.0018092361278831959,0.003278079442679882
274,train,0.005219685179846627,0.005219685224195321,,,0.0024514112155884504,0.002300591440871358,0.001582374912686646,0.0030854817014187574
274,val,0.004913862262453351,0.004913862173755963,0.0008733765595631363,0.029156774282455444,0.002345744287595153,0.001665264368057251,0.0018618209287524223,0.0033803049009293318
275,train,0.00502591837374937,0.005025918285051982,,,0.0004521402297541499,0.0007420209585689008,0.001069002435542643,0.002531717997044325
275,val,0.0049568769477662585,0.0049568770142893,0.0009142776470980607,0.029212472960352898,0.002367900451645255,0.0015631727874279022,0.0018059544963762164,0.0032729015219956636
276,train,0.005104051282008489,0.005104051282008489,,,0.0015933193499222398,0.0021563027985394,0.00203482317738235,0.002737678587436676
276,val,0.005131955657686506,0.005131955724209547,0.00093070754276899,0.030339444056153297,0.0023759028408676386,0.0016758966958150268,0.0019525238312780857,0.0033093690872192383
277,train,0.0051662492610159375,0.005166249194492896,,,0.002672247588634491,0.0027088855858892202,0.0025689355097711086,0.0031118893530219793
277,val,0.005146937178713935,0.0051469372895856695,0.0008603238093201071,0.03086661547422409,0.002481884555891156,0.0016631974140182137,0.0017947281012311578,0.003265922889113426
278,train,0.005127948575786182,0.00512794847600162,,,0.0005466841976158321,0.0006106532528065145,0.001270578126423061,0.002383411629125476
278,val,0.005168098424162183,0.005168098335464795,0.00088865177531261,0.030844777822494507,0.0023916978389024734,0.001688184216618538,0.0018920819275081158,0.003268725937232375
279,train,0.00511286212574868,0.005112862059225638,,,0.0013938951306045055,0.0017552846111357212,0.0016983841778710485,0.002297468949109316
279,val,0.005091051083235513,0.005091051105409861,0.0008362080649627993,0.030620107427239418,0.002324833534657955,0.0015496861888095737,0.0019077231409028172,0.003694603219628334
280,train,0.005121195777541115,0.005121195688843727,,,0.002192885847762227,0.0015070303343236446,0.0012522056931629777,0.001966615440323949
280,val,0.00508102827838489,0.005081028367082278,0.000824727173797631,0.030618831515312195,0.0023123444989323616,0.001574896858073771,0.0017546986928209662,0.0032659999560564756
281,train,0.005160369511161532,0.005160369444638491,,,0.0014996918616816401,0.0017299560131505132,0.0015217135660350323,0.001705906935967505
281,val,0.004850570644651141,0.004850570733348529,0.000786218348366674,0.02923668920993805,0.002305486472323537,0.0015399050898849964,0.0016726814210414886,0.003235060488805175
282,train,0.004915275389239902,0.004915275300542514,,,0.0006002579466439784,0.0015285252593457699,0.0015994083369150758,0.0033865279983729124
282,val,0.005354868868986766,0.0053548687137663364,0.0009103652992052957,0.0320218950510025,0.00227555469609797,0.0016495855525135994,0.0017248032381758094,0.003305380465462804
283,train,0.005320135681402115,0.005320135659227769,,,0.00333197508007288,0.0015788492746651173,0.0004988756263628602,0.0008729507098905742
283,val,0.005003446624392555,0.0050034465578695135,0.0008744532970013097,0.0297774076461792,0.0023462302051484585,0.0015959435841068625,0.0018003406003117561,0.0032504545524716377
284,train,0.005056467439447131,0.005056467372924089,,,0.001356612890958786,0.0026484483387321234,0.001900618546642363,0.0016335969557985663
284,val,0.004754718393087387,0.004754718237866958,0.0008352229294056693,0.028271690011024475,0.0022637539077550173,0.0014816500479355454,0.001733146607875824,0.003211013739928603
285,train,0.0047952594856421156,0.004795259330421686,,,0.0022973627783358097,0.0008120425627566874,0.0007743377354927361,0.0012369529576972127
285,val,0.004764738714411145,0.004764738647888104,0.0008536816070166727,0.02823108434677124,0.002321436535567045,0.0015023443847894669,0.0016699678963050246,0.003353065112605691
286,train,0.004806679096959886,0.004806679130221407,,,0.0011633510002866387,0.0017361299833282828,0.0012611165875568986,0.0012237444752827287
286,val,0.004686598444268817,0.004686598510791858,0.0008040416238751883,0.027981938794255257,0.002348820911720395,0.0015078625874593854,0.0016166426939889789,0.003143720095977187
287,train,0.004850255236739204,0.004850255170216163,,,0.002627319423481822,0.001648327219299972,0.0017163582378998399,0.0033707760740071535
287,val,0.00498152772585551,0.004981527881075938,0.0008249543510222187,0.029920965433120728,0.0023186246398836374,0.0015106205828487873,0.0016648824093863368,0.003152690827846527
288,train,0.00489938711481435,0.004899387092640002,,,0.0016665674047544599,0.0010558306239545345,0.0012352034682407975,0.0019893560092896223
288,val,0.004848690437419074,0.00484869039307038,0.0008370702125830576,0.028918413445353508,0.002364989137277007,0.001535669551230967,0.0017626661574468017,0.003123904811218381
289,train,0.004894492172059559,0.004894492216408253,,,0.0024477883707731962,0.0025599643122404814,0.0025431066751480103,0.0024947680067270994
289,val,0.005026954625334058,0.0050269546918570995,0.0008835270176253592,0.029887521639466286,0.002253409242257476,0.0016158755170181394,0.0017648222856223583,0.003489462658762932
290,train,0.0049433183545867605,0.004943318276976545,,,0.0004055835015606135,0.0004361452010925859,0.0004810622485820204,0.0006351664196699858
290,val,0.0048503946690332325,0.0048503947133819265,0.0007920656692779934,0.029200365766882896,0.002250678837299347,0.001468180795200169,0.0018568624509498477,0.0034059796016663313
291,train,0.004930425435304642,0.004930425590525071,,,0.003191246883943677,0.0007474785088561475,0.0008358607883565128,0.00199875864200294
291,val,0.005243661680391857,0.005243661658217509,0.000844368701412653,0.031639423221349716,0.002349258167669177,0.0015838273102417588,0.0018581999465823174,0.0032209947239607573
292,train,0.005159561123166766,0.005159561211864154,,,0.003332633525133133,0.0024179646279662848,0.0024747024290263653,0.005014022346585989
292,val,0.005498986691236496,0.005498986846456925,0.0009204279049299657,0.03297033905982971,0.002324475673958659,0.0017206036718562245,0.0017458251677453518,0.0031864240299910307
293,train,0.005400694995408966,0.005400694984321793,,,0.00045925038284622133,0.000894963217433542,0.0008233464322984219,0.001059805159457028
293,val,0.005870771195207324,0.005870771128684282,0.0009880909589507307,0.03516685590147972,0.0023792781867086887,0.0017970912158489227,0.0019421325996518135,0.003467862494289875
294,train,0.0056140490231059844,0.005614048917777836,,,0.0003952666884288192,0.0007226556190289557,0.0005947459139861166,0.0009666254627518356
294,val,0.005454845371700469,0.005454845416049163,0.001036164033090851,0.031966932117938995,0.002318826038390398,0.0014985020970925689,0.002080932492390275,0.0034023106563836336
295,train,0.005332908992256437,0.005332909058779478,,,0.001714098732918501,0.001223187311552465,0.0018650572746992111,0.003337705507874489
295,val,0.005457012426285516,0.005457012293239434,0.000976197377895005,0.03234190121293068,0.002364866668358445,0.0014975988306105137,0.0019341101869940758,0.003571184352040291
296,train,0.005297238095885231,0.005297238162408273,,,0.002314132871106267,0.0009007546468637884,0.0013696192763745785,0.002208663383498788
296,val,0.004977766424417496,0.004977766579637925,0.0008564678719267249,0.029705559834837914,0.002271354664117098,0.0018707221606746316,0.0017114118672907352,0.0031675624195486307
297,train,0.004974334012894403,0.00497433403506875,,,0.0015232161385938525,0.0017121443524956703,0.0016735042445361614,0.001986250514164567
297,val,0.004902212215321404,0.00490221210444967,0.0008334695036561849,0.029314672574400902,0.002190773608162999,0.0014562677824869752,0.001704773516394198,0.0032349012326449156
298,train,0.004926675841921852,0.00492667577539881,,,0.0017361509380862117,0.0009622715297155082,0.0007471211138181388,0.0025138414930552244
298,val,0.0046839043498039246,0.004683904194583495,0.0007503542850220887,0.028285205364227295,0.002229858422651887,0.0013737607514485717,0.0016154517652466893,0.003160110441967845
299,train,0.0047560025538717,0.0047560025316973524,,,0.0024466405156999826,0.001938686240464449,0.0016034607542678714,0.0025306905154138803
299,val,0.004869239493494942,0.004869239560017983,0.0008165821006211141,0.029185185208916664,0.00223448290489614,0.0014087283052504063,0.0017311484552919865,0.003211092436686158
