epoch,split,loss,action_mse,continuous_mse,gripper_mse,gripper_sign_accuracy,gripper_open_accuracy,gripper_close_accuracy,gripper_transition_f1,action_correlation,continuous_correlation,gripper_correlation,grad_norm,action_head_update_norm,pred_variance,target_variance,residual_dim0,pred_var_dim0,target_var_dim0,residual_dim1,pred_var_dim1,target_var_dim1,residual_dim2,pred_var_dim2,target_var_dim2,residual_dim3,pred_var_dim3,target_var_dim3,residual_dim4,pred_var_dim4,target_var_dim4,residual_dim5,pred_var_dim5,target_var_dim5,residual_dim6,pred_var_dim6,target_var_dim6
0,eval,,0.34196335077285767,0.25971150398254395,0.8354744911193848,0.6666666865348816,1.0,0.0,0.0,0.215043306350708,0.15115365386009216,0.5802462100982666,,,0.18456460535526276,0.2230832874774933,0.34704670310020447,0.0028459466993808746,0.1054597720503807,-0.5730268955230713,0.0006856639520265162,0.06807716190814972,0.05620230734348297,0.002833804814144969,0.2785532772541046,0.09509783983230591,0.0015678218333050609,0.0009857550030574203,-0.7794075012207031,0.0006779131363146007,0.010582201182842255,-0.22866566479206085,0.00037525102379731834,0.0009014703100547194,0.054320212453603745,0.0029377895407378674,0.8888888955116272
1,eval,,0.29673972725868225,0.2135085165500641,0.7961268424987793,0.6666666865348816,1.0,0.0,0.0,0.12271136790513992,0.0933598205447197,0.7327404022216797,,,0.07621178030967712,0.2230832874774933,-0.1990904062986374,0.006974573712795973,0.1054597720503807,0.22675389051437378,0.007443619892001152,0.06807716190814972,0.29952195286750793,0.001310997293330729,0.2785532772541046,-0.19302834570407867,0.001815093564800918,0.0009857550030574203,0.5398548245429993,0.00025301097775809467,0.010582201182842255,0.6174284219741821,0.00010802703764056787,0.0009014703100547194,-0.09026500582695007,0.0059856451116502285,0.8888888955116272
2,eval,,0.2581136226654053,0.1783415526151657,0.7367460131645203,0.6666666865348816,1.0,0.0,0.0,0.29765385389328003,0.2794080674648285,0.7167330384254456,,,0.12589021027088165,0.2230832874774933,-0.3877991735935211,0.011044508777558804,0.1054597720503807,0.43083181977272034,0.012520183809101582,0.06807716190814972,-0.12623119354248047,0.0036670309491455555,0.2785532772541046,-0.048852622509002686,0.0014555213274434209,0.0009857550030574203,0.5520274043083191,0.00024595315335318446,0.010582201182842255,0.20626063644886017,0.00014999965787865222,0.0009014703100547194,0.03426927700638771,0.015626514330506325,0.8888888955116272
3,eval,,0.17627283930778503,0.08837774395942688,0.7036433219909668,0.6666666865348816,1.0,0.0,0.0,0.5108535289764404,0.5335184931755066,0.7426698207855225,,,0.10923746973276138,0.2230832874774933,-0.10832131654024124,0.014580056071281433,0.1054597720503807,0.1891900897026062,0.014925672672688961,0.06807716190814972,-0.18782812356948853,0.00811916682869196,0.2785532772541046,-0.08445558696985245,0.0015170295955613256,0.0009857550030574203,-0.13146020472049713,0.00045352583401836455,0.010582201182842255,-0.26539793610572815,0.00027166010113433003,0.0009014703100547194,0.17731957137584686,0.03137892857193947,0.8888888955116272
5,eval,,0.15340878069400787,0.08869631588459015,0.5416836142539978,0.9375,0.953125,0.90625,0.0,0.5630000829696655,0.455526739358902,0.7885659337043762,,,0.07533203810453415,0.2230832874774933,0.284187912940979,0.021476494148373604,0.1054597720503807,-0.30176830291748047,0.015298194251954556,0.06807716190814972,0.05349038168787956,0.017667001113295555,0.2785532772541046,0.0727555975317955,0.0028605672996491194,0.0009857550030574203,-0.18390004336833954,0.001080071902833879,0.010582201182842255,-0.06639144569635391,0.0002532984653953463,0.0009014703100547194,-0.07558328658342361,0.08788199722766876,0.8888888955116272
6,eval,,0.12527453899383545,0.06882680952548981,0.4639609754085541,0.9270833134651184,0.9375,0.90625,0.0,0.7137607932090759,0.6010242104530334,0.8083852529525757,,,0.04904817417263985,0.2230832874774933,0.11626904457807541,0.026489535346627235,0.1054597720503807,-0.17826831340789795,0.01755056157708168,0.06807716190814972,0.13514737784862518,0.027749352157115936,0.2785532772541046,0.1777736395597458,0.00505778519436717,0.0009857550030574203,0.10483402758836746,0.0020584878511726856,0.010582201182842255,0.1440378576517105,0.00037636648630723357,0.0009014703100547194,-0.15215474367141724,0.15819570422172546,0.8888888955116272
7,eval,,0.1015377938747406,0.06063956767320633,0.3469271659851074,0.9375,0.953125,0.90625,0.0,0.7883223295211792,0.6893624663352966,0.8304804563522339,,,0.0725729838013649,0.2230832874774933,-0.1123904287815094,0.034554991871118546,0.1054597720503807,0.015065755695104599,0.021840443834662437,0.06807716190814972,0.1635562926530838,0.040458325296640396,0.2785532772541046,0.09675434231758118,0.008762842044234276,0.0009857550030574203,0.16276437044143677,0.002546749310567975,0.010582201182842255,0.1782088726758957,0.0005855804774910212,0.0009014703100547194,0.06007489562034607,0.27372607588768005,0.8888888955116272
8,eval,,0.08800714462995529,0.052661407738924026,0.3000814914703369,0.9270833134651184,0.9375,0.90625,0.0,0.7844786643981934,0.680331289768219,0.8399673104286194,,,0.13730667531490326,0.2230832874774933,-0.19699208438396454,0.04369087144732475,0.1054597720503807,0.16646075248718262,0.02513563446700573,0.06807716190814972,0.062199149280786514,0.06381285935640335,0.2785532772541046,-0.03206930309534073,0.011967228725552559,0.0009857550030574203,0.09582024812698364,0.0035418907646089792,0.010582201182842255,0.0654173418879509,0.0005857708747498691,0.0009014703100547194,0.16829721629619598,0.4786275029182434,0.8888888955116272
9,eval,,0.08011020720005035,0.04891204088926315,0.26729917526245117,0.9270833134651184,0.9375,0.90625,0.0,0.8135486841201782,0.7332987189292908,0.8427516222000122,,,0.20045751333236694,0.2230832874774933,-0.11996188014745712,0.05148173123598099,0.1054597720503807,0.1742091178894043,0.028000613674521446,0.06807716190814972,-0.14084815979003906,0.105403833091259,0.2785532772541046,-0.10508543998003006,0.014512348920106888,0.0009857550030574203,0.028509551659226418,0.004422077443450689,0.010582201182842255,-0.05226289853453636,0.0005896490183658898,0.0009014703100547194,0.03719155490398407,0.7848049998283386,0.8888888955116272
11,eval,,0.07346205413341522,0.037839509546756744,0.2871973514556885,0.9166666865348816,0.921875,0.90625,0.0,0.8364049792289734,0.7973737716674805,0.8443435430526733,,,0.22518663108348846,0.2230832874774933,0.16201375424861908,0.0657445639371872,0.1054597720503807,-0.04166905954480171,0.042402226477861404,0.06807716190814972,-0.0861458107829094,0.17644135653972626,0.2785532772541046,-0.05844305083155632,0.007484517525881529,0.0009857550030574203,-0.021245179697871208,0.0023417274933308363,0.010582201182842255,-0.019685490056872368,0.0021586110815405846,0.0009014703100547194,-0.012525192461907864,0.9497159123420715,0.8888888955116272
12,eval,,0.06403147429227829,0.03258992359042168,0.2526806890964508,0.9270833134651184,0.9375,0.90625,0.0,0.845791220664978,0.8143095970153809,0.84894859790802,,,0.17683182656764984,0.2230832874774933,0.0867738425731659,0.07023175805807114,0.1054597720503807,-0.06134164705872536,0.046010326594114304,0.06807716190814972,0.11283718794584274,0.16768299043178558,0.2785532772541046,-0.015729354694485664,0.004425890743732452,0.0009857550030574203,-0.06407090276479721,0.0013723435113206506,0.010582201182842255,-0.01243242621421814,0.0024204147048294544,0.0009014703100547194,0.020840244367718697,0.7457679510116577,0.8888888955116272
13,eval,,0.06218293309211731,0.031555917114019394,0.2459450364112854,0.9270833134651184,0.9375,0.90625,0.0,0.8540893197059631,0.8273783922195435,0.8547109365463257,,,0.13041318953037262,0.2230832874774933,-0.05645740032196045,0.0701480358839035,0.1054597720503807,-0.08420757204294205,0.04622454568743706,0.06807716190814972,0.13709716498851776,0.14215052127838135,0.2785532772541046,0.08578602224588394,0.004476580303162336,0.0009857550030574203,-0.01987462304532528,0.0025599985383450985,0.010582201182842255,0.0070191845297813416,0.0019387661013752222,0.0009014703100547194,-0.02247200347483158,0.5313549637794495,0.8888888955116272
15,eval,,0.05786323547363281,0.024956166744232178,0.255305677652359,0.9270833134651184,0.9375,0.90625,0.0,0.8719292879104614,0.8657073974609375,0.8646596074104309,,,0.11947363615036011,0.2230832874774933,-0.07363104075193405,0.07852471619844437,0.1054597720503807,0.013514100573956966,0.04689529165625572,0.06807716190814972,0.04369362071156502,0.1302928626537323,0.2785532772541046,0.05103396251797676,0.0051985676400363445,0.0009857550030574203,-0.01170590054243803,0.006586066912859678,0.010582201182842255,0.02187512069940567,0.0012091753305867314,0.0009014703100547194,-0.03507242351770401,0.4130895733833313,0.8888888955116272
16,eval,,0.053295545279979706,0.022539203986525536,0.23783357441425323,0.9270833134651184,0.9375,0.90625,0.0,0.875577986240387,0.8758272528648376,0.8666017055511475,,,0.14336542785167694,0.2230832874774933,0.03377308323979378,0.08525015413761139,0.1054597720503807,0.0627254918217659,0.04638475924730301,0.06807716190814972,-0.010210498236119747,0.14440034329891205,0.2785532772541046,-0.03570230305194855,0.004923342261463404,0.0009857550030574203,-0.018825380131602287,0.007679103408008814,0.010582201182842255,0.011066016741096973,0.0009870639769360423,0.0009014703100547194,-0.01391136646270752,0.47520017623901367,0.8888888955116272
17,eval,,0.052575405687093735,0.02365926466882229,0.22607223689556122,0.9270833134651184,0.9375,0.90625,0.0,0.8745928406715393,0.8745136260986328,0.8672788739204407,,,0.18021351099014282,0.2230832874774933,0.08687043935060501,0.09161026775836945,0.1054597720503807,0.0182474534958601,0.04604697227478027,0.06807716190814972,-0.11101172119379044,0.16752706468105316,0.2785532772541046,-0.0611727349460125,0.004291672725230455,0.0009857550030574203,0.02397020161151886,0.00847340002655983,0.010582201182842255,-0.005430737975984812,0.0008284374489448965,0.0009014703100547194,0.05419650673866272,0.5842299461364746,0.8888888955116272
18,eval,,0.049243755638599396,0.02084398828446865,0.21964235603809357,0.9270833134651184,0.9375,0.90625,0.0,0.8856711983680725,0.8932198882102966,0.8681632876396179,,,0.19296810030937195,0.2230832874774933,0.022825881838798523,0.09747697412967682,0.1054597720503807,0.015398524701595306,0.047160930931568146,0.06807716190814972,-0.08341874927282333,0.1952800750732422,0.2785532772541046,-0.06971835345029831,0.003442831104621291,0.0009857550030574203,0.0074085756205022335,0.009560130536556244,0.010582201182842255,-0.06674129515886307,0.0010129085276275873,0.0009014703100547194,-0.012339967302978039,0.7093766331672668,0.8888888955116272
19,eval,,0.047603681683540344,0.01841830275952816,0.22271592915058136,0.9270833134651184,0.9375,0.90625,0.0,0.8888651728630066,0.9013585448265076,0.8700900077819824,,,0.19072642922401428,0.2230832874774933,-0.03822498023509979,0.10031691938638687,0.1054597720503807,0.03223069757223129,0.049343291670084,0.06807716190814972,0.0241070743650198,0.2214255928993225,0.2785532772541046,-0.041758641600608826,0.0032405441161245108,0.0009857550030574203,-0.010274729691445827,0.010025774128735065,0.010582201182842255,-0.060240816324949265,0.0017787833930924535,0.0009014703100547194,-0.06060484051704407,0.7672848701477051,0.8888888955116272
20,eval,,0.04569149762392044,0.016887903213500977,0.21851307153701782,0.9270833134651184,0.9375,0.90625,0.0,0.8935151696205139,0.9091452360153198,0.8734358549118042,,,0.19097277522087097,0.2230832874774933,-0.030672011896967888,0.09743406623601913,0.1054597720503807,-0.03173452243208885,0.050702448934316635,0.06807716190814972,0.028699511662125587,0.22938038408756256,0.2785532772541046,0.0310682225972414,0.003313352121040225,0.0009857550030574203,0.029388783499598503,0.009249120950698853,0.010582201182842255,0.04412756487727165,0.0018042274750769138,0.0009014703100547194,0.08353493362665176,0.7246184349060059,0.8888888955116272
22,eval,,0.04231914505362511,0.014344538561999798,0.21016675233840942,0.9270833134651184,0.9375,0.90625,0.0,0.9023461937904358,0.9241030216217041,0.8775167465209961,,,0.15754888951778412,0.2230832874774933,-0.028659911826252937,0.09043208509683609,0.1054597720503807,0.011696289293467999,0.05075136572122574,0.06807716190814972,0.058241840451955795,0.2157430350780487,0.2785532772541046,0.0430588573217392,0.0034259494859725237,0.0009857550030574203,-0.026340516284108162,0.00804587546736002,0.010582201182842255,0.006809584330767393,0.00032923719845712185,0.0009014703100547194,-0.03353622183203697,0.5765236020088196,0.8888888955116272
23,eval,,0.041498083621263504,0.012684083543717861,0.21438205242156982,0.9375,0.953125,0.90625,0.0,0.9055591225624084,0.9325926899909973,0.8792786598205566,,,0.15614712238311768,0.2230832874774933,0.006106471177190542,0.08794964104890823,0.1054597720503807,0.0034464572090655565,0.05001499131321907,0.06807716190814972,-0.006208738777786493,0.20897139608860016,0.2785532772541046,0.006413541734218597,0.003313228255137801,0.0009857550030574203,-0.026984570547938347,0.007474951446056366,0.010582201182842255,-0.03487229719758034,0.00023502403928432614,0.0009014703100547194,-0.06740961223840714,0.5454800128936768,0.8888888955116272
25,eval,,0.03956237807869911,0.012500179931521416,0.2019355744123459,0.9375,0.953125,0.90625,0.0,0.9075393080711365,0.9333306550979614,0.8823748230934143,,,0.17136304080486298,0.2230832874774933,0.049309078603982925,0.0812494158744812,0.1054597720503807,0.011343141086399555,0.04481084272265434,0.06807716190814972,-0.02097845822572708,0.19767892360687256,0.2785532772541046,-0.04810429736971855,0.0034711891785264015,0.0009857550030574203,-0.00790951494127512,0.006336253602057695,0.010582201182842255,-0.014469850808382034,0.0012967248912900686,0.0009014703100547194,0.03767015039920807,0.5945253372192383,0.8888888955116272
27,eval,,0.03769896551966667,0.011208116076886654,0.19664405286312103,0.9375,0.953125,0.90625,0.0,0.9116109013557434,0.9414500594139099,0.8833751082420349,,,0.18337315320968628,0.2230832874774933,-0.04752883315086365,0.07799732685089111,0.1054597720503807,0.004037066828459501,0.04312562942504883,0.06807716190814972,-0.012995786964893341,0.22188732028007507,0.2785532772541046,0.03441411629319191,0.003115910105407238,0.0009857550030574203,0.027389606460928917,0.006032993551343679,0.010582201182842255,0.017994532361626625,0.0011864621192216873,0.0009014703100547194,-0.023919180035591125,0.7424250841140747,0.8888888955116272
29,eval,,0.03678997606039047,0.010008757933974266,0.1974772959947586,0.9375,0.953125,0.90625,0.0,0.9141489863395691,0.947374701499939,0.8859564661979675,,,0.19220370054244995,0.2230832874774933,-0.005664011929184198,0.07823624461889267,0.1054597720503807,-0.007548342924565077,0.04638492688536644,0.06807716190814972,0.04436063766479492,0.25505417585372925,0.2785532772541046,-0.01145003642886877,0.0027214146684855223,0.0009857550030574203,-0.03039119578897953,0.007141233887523413,0.010582201182842255,-0.002815771847963333,0.0007748886127956212,0.0009014703100547194,0.07848863303661346,0.7171468138694763,0.8888888955116272
31,eval,,0.03587382286787033,0.00914359837770462,0.196255162358284,0.9375,0.953125,0.90625,0.0,0.916953444480896,0.9515507817268372,0.8888592720031738,,,0.1739475280046463,0.2230832874774933,0.02706892229616642,0.08099441230297089,0.1054597720503807,-0.005988477263599634,0.04484931007027626,0.06807716190814972,-0.036355357617139816,0.25451117753982544,0.2785532772541046,0.015443489886820316,0.002378791570663452,0.0009857550030574203,0.02026544325053692,0.008355413563549519,0.010582201182842255,-0.0019093056907877326,0.0004902377258986235,0.0009014703100547194,-0.08958407491445541,0.6363224387168884,0.8888888955116272
32,eval,,0.03513852134346962,0.008825992234051228,0.19301371276378632,0.9375,0.953125,0.90625,0.0,0.9185628294944763,0.9534198641777039,0.890023946762085,,,0.177862286567688,0.2230832874774933,0.03848448768258095,0.08078835904598236,0.1054597720503807,0.0005441966350190341,0.04198558256030083,0.06807716190814972,-0.0027826763689517975,0.2404259741306305,0.2785532772541046,-0.03231215104460716,0.0022995187900960445,0.0009857550030574203,-0.014275792054831982,0.008678247220814228,0.010582201182842255,0.02477334439754486,0.0006100873579271138,0.0009014703100547194,0.06740016490221024,0.6056298613548279,0.8888888955116272
33,eval,,0.033706869930028915,0.008131247013807297,0.18716059625148773,0.9375,0.953125,0.90625,0.0,0.9220322370529175,0.9582107663154602,0.8905782103538513,,,0.175598606467247,0.2230832874774933,-0.008080615662038326,0.0818042904138565,0.1054597720503807,0.008937752805650234,0.03986169770359993,0.06807716190814972,0.013421655632555485,0.23715044558048248,0.2785532772541046,-0.024110622704029083,0.0020137163810431957,0.0009857550030574203,-0.011899217963218689,0.009139003232121468,0.010582201182842255,0.0027775103226304054,0.0005648966180160642,0.0009014703100547194,0.035962339490652084,0.6322128772735596,0.8888888955116272
35,eval,,0.032490525394678116,0.007502805907279253,0.18241684138774872,0.9375,0.953125,0.90625,0.0,0.9244906306266785,0.9608248472213745,0.8916536569595337,,,0.18340416252613068,0.2230832874774933,-0.002133601112291217,0.08473964780569077,0.1054597720503807,0.002901659579947591,0.03909928351640701,0.06807716190814972,-0.017149319872260094,0.2457842379808426,0.2785532772541046,0.020616790279746056,0.0017721360782161355,0.0009857550030574203,0.016768498346209526,0.009703448042273521,0.010582201182842255,0.0031404762994498014,0.0006062695174477994,0.0009014703100547194,-0.013682113029062748,0.6950443387031555,0.8888888955116272
37,eval,,0.031638652086257935,0.006944103166460991,0.1798059195280075,0.9375,0.953125,0.90625,0.0,0.9263983368873596,0.9636812806129456,0.8932209610939026,,,0.190048485994339,0.2230832874774933,-0.0012952536344528198,0.08727219700813293,0.1054597720503807,-0.000372578069800511,0.04203469306230545,0.06807716190814972,0.011263415217399597,0.26421406865119934,0.2785532772541046,-0.02032100036740303,0.0017262244364246726,0.0009857550030574203,-0.016087671741843224,0.009979081340134144,0.010582201182842255,-0.000688488595187664,0.000810727127827704,0.0009014703100547194,0.010413418523967266,0.7121098041534424,0.8888888955116272
39,eval,,0.03076234832406044,0.006299511529505253,0.17753934860229492,0.9375,0.953125,0.90625,0.0,0.9286348223686218,0.967023491859436,0.8949669003486633,,,0.18578076362609863,0.2230832874774933,-0.0052017043344676495,0.09084893018007278,0.1054597720503807,0.003471164032816887,0.043095193803310394,0.06807716190814972,0.0002287978568347171,0.26565101742744446,0.2785532772541046,0.016732776537537575,0.0017863379325717688,0.0009857550030574203,0.012493784539401531,0.010179745964705944,0.010582201182842255,-0.0017418558709323406,0.0009557647863402963,0.0009014703100547194,-0.02286705933511257,0.6954368948936462,0.8888888955116272
40,eval,,0.0304254200309515,0.006218800786882639,0.17566514015197754,0.9375,0.953125,0.90625,0.0,0.929767370223999,0.9679635167121887,0.8961076736450195,,,0.18236280977725983,0.2230832874774933,0.01140595693141222,0.09115772694349289,0.1054597720503807,0.009849030524492264,0.041569244116544724,0.06807716190814972,0.0263210479170084,0.25648579001426697,0.2785532772541046,-0.008781654760241508,0.0018980634631589055,0.0009857550030574203,-0.012353230267763138,0.01004308182746172,0.010582201182842255,0.0170973539352417,0.0011323891812935472,0.0009014703100547194,0.002784101292490959,0.6745556592941284,0.8888888955116272
41,eval,,0.029926862567663193,0.005807545501738787,0.17464275658130646,0.9375,0.953125,0.90625,0.0,0.9306701421737671,0.9696321487426758,0.8965824246406555,,,0.18648900091648102,0.2230832874774933,0.00930683221668005,0.09236954152584076,0.1054597720503807,0.00011822387023130432,0.041106656193733215,0.06807716190814972,-0.008495516143739223,0.25539839267730713,0.2785532772541046,-0.004163416568189859,0.0019937024917453527,0.0009857550030574203,-0.01131651271134615,0.009870965965092182,0.010582201182842255,0.00822508055716753,0.0012370487675070763,0.0009014703100547194,-0.011821419931948185,0.6935542225837708,0.8888888955116272
42,eval,,0.029757695272564888,0.00569970952346921,0.17410559952259064,0.9375,0.953125,0.90625,0.0,0.9312095046043396,0.9706338047981262,0.8969215750694275,,,0.19130071997642517,0.2230832874774933,-0.007794251665472984,0.09399326890707016,0.1054597720503807,-0.01787065528333187,0.04140792414546013,0.06807716190814972,-0.026197737082839012,0.26025864481925964,0.2785532772541046,0.0024063384626060724,0.001982818590477109,0.0009857550030574203,0.005641998257488012,0.009879271499812603,0.010582201182842255,-0.014256760478019714,0.0012844677548855543,0.0009014703100547194,-0.01709035597741604,0.7197467088699341,0.8888888955116272
43,eval,,0.029443148523569107,0.005399396643042564,0.17370565235614777,0.9375,0.953125,0.90625,0.0,0.9316899180412292,0.9723273515701294,0.8980701565742493,,,0.19143609702587128,0.2230832874774933,-0.011109036393463612,0.09433392435312271,0.1054597720503807,-0.022705167531967163,0.04201206564903259,0.06807716190814972,0.007930328138172626,0.26459965109825134,0.2785532772541046,-0.006411018315702677,0.0018660364439710975,0.0009857550030574203,0.005651617422699928,0.009964731521904469,0.010582201182842255,-0.015440814197063446,0.001265346654690802,0.0009014703100547194,0.0406862236559391,0.7021394968032837,0.8888888955116272
44,eval,,0.028900304809212685,0.005190052092075348,0.17116181552410126,0.9375,0.953125,0.90625,0.0,0.9334627985954285,0.9732640981674194,0.8994321227073669,,,0.18358422815799713,0.2230832874774933,-0.006363099440932274,0.09423477947711945,0.1054597720503807,0.005278711672872305,0.04256615787744522,0.06807716190814972,0.030898436903953552,0.2688831388950348,0.2785532772541046,-0.0007796529680490494,0.0018086559139192104,0.0009857550030574203,-0.002976064570248127,0.010161892510950565,0.010582201182842255,0.0036638190504163504,0.0010836927685886621,0.0009014703100547194,0.01825678162276745,0.6656626462936401,0.8888888955116272
46,eval,,0.02845146507024765,0.004813144914805889,0.17028141021728516,0.9375,0.953125,0.90625,0.0,0.9343189597129822,0.9748231768608093,0.9008852243423462,,,0.18788708746433258,0.2230832874774933,0.009902060963213444,0.09644502401351929,0.1054597720503807,-0.010755474679172039,0.045445021241903305,0.06807716190814972,-0.02975280024111271,0.2788698673248291,0.2785532772541046,0.01203132327646017,0.0017733648419380188,0.0009857550030574203,0.011241559870541096,0.010323918424546719,0.010582201182842255,0.006831791251897812,0.0009165306692011654,0.0009014703100547194,-0.04785884544253349,0.6832372546195984,0.8888888955116272
48,eval,,0.027599552646279335,0.004522303119301796,0.16606304049491882,0.9375,0.953125,0.90625,0.0,0.9362205862998962,0.97651207447052,0.9023856520652771,,,0.18935969471931458,0.2230832874774933,-0.007528215646743774,0.09711551666259766,0.1054597720503807,0.011248732917010784,0.04826406389474869,0.06807716190814972,0.0338301844894886,0.2697821259498596,0.2785532772541046,-0.015418377704918385,0.0016098867636173964,0.0009857550030574203,-0.0157657228410244,0.010392834432423115,0.010582201182842255,-0.021001534536480904,0.0008457310614176095,0.0009014703100547194,0.022306298837065697,0.6863207817077637,0.8888888955116272
50,eval,,0.027125660330057144,0.004180664662271738,0.1647956222295761,0.9375,0.953125,0.90625,0.0,0.9372479915618896,0.9781416058540344,0.9031708240509033,,,0.19572733342647552,0.2230832874774933,0.0016721965512260795,0.09851038455963135,0.1054597720503807,-0.002350535476580262,0.05073847249150276,0.06807716190814972,-0.033852290362119675,0.26510849595069885,0.2785532772541046,0.005927337799221277,0.0017442642711102962,0.0009857550030574203,0.010786597616970539,0.010166607797145844,0.010582201182842255,0.031181536614894867,0.0008543096482753754,0.0009014703100547194,-0.03077683411538601,0.736125648021698,0.8888888955116272
52,eval,,0.026292014867067337,0.0036866317968815565,0.1619243025779724,0.9375,0.953125,0.90625,0.0,0.9392326474189758,0.9810453653335571,0.9048632383346558,,,0.19722875952720642,0.2230832874774933,-0.010284903459250927,0.10033927112817764,0.1054597720503807,-0.007276959717273712,0.05532475560903549,0.06807716190814972,0.010635808110237122,0.26847100257873535,0.2785532772541046,-0.0033514266833662987,0.0016631237231194973,0.0009857550030574203,-0.0009551707771606743,0.010320678353309631,0.010582201182842255,-0.02994549833238125,0.0009197471663355827,0.0009014703100547194,0.02874966710805893,0.7221505045890808,0.8888888955116272
53,eval,,0.026254378259181976,0.0036692668218165636,0.16176503896713257,0.9375,0.953125,0.90625,0.0,0.9395220279693604,0.9809670448303223,0.906241774559021,,,0.18924227356910706,0.2230832874774933,-0.006995742674916983,0.10150529444217682,0.1054597720503807,0.005070385988801718,0.057062070816755295,0.06807716190814972,-0.013324104249477386,0.27650877833366394,0.2785532772541046,0.030984127894043922,0.0016801138408482075,0.0009857550030574203,0.020223719999194145,0.010565120726823807,0.010582201182842255,-0.01119555626064539,0.0008106164750643075,0.0009014703100547194,-0.047709133476018906,0.68804532289505,0.8888888955116272
54,eval,,0.025935925543308258,0.0034065383952111006,0.16111226379871368,0.9375,0.953125,0.90625,0.0,0.9405128955841064,0.9824796319007874,0.9073479175567627,,,0.18552526831626892,0.2230832874774933,0.0045932563953101635,0.10075822472572327,0.1054597720503807,0.009855440817773342,0.05698411166667938,0.06807716190814972,0.008821872994303703,0.27703559398651123,0.2785532772541046,-0.0006619682535529137,0.0016936041647568345,0.0009857550030574203,-0.0049886382184922695,0.010529103688895702,0.010582201182842255,0.025925463065505028,0.0008363689994439483,0.0009014703100547194,-0.053566742688417435,0.674727737903595,0.8888888955116272
55,eval,,0.025258824229240417,0.003297989722341299,0.1570238322019577,0.9375,0.953125,0.90625,0.0,0.9419951438903809,0.9827901124954224,0.9088261127471924,,,0.18795627355575562,0.2230832874774933,0.003158637322485447,0.10043758153915405,0.1054597720503807,-0.011977319605648518,0.056602902710437775,0.06807716190814972,0.0009175377781502903,0.27650439739227295,0.2785532772541046,-0.013836879283189774,0.0017396046314388514,0.0009857550030574203,-0.009279274381697178,0.010412244126200676,0.010582201182842255,0.019918391481041908,0.000971415254753083,0.0009014703100547194,0.011769327335059643,0.6562278866767883,0.8888888955116272
56,eval,,0.025233933702111244,0.0031398467253893614,0.15779843926429749,0.9375,0.953125,0.90625,0.0,0.9418413043022156,0.9838146567344666,0.9096866846084595,,,0.19258499145507812,0.2230832874774933,-0.003661905648186803,0.09999429434537888,0.1054597720503807,-0.01132109109312296,0.05597883090376854,0.06807716190814972,-0.006654708180576563,0.27236440777778625,0.2785532772541046,0.0012675084872171283,0.001720333588309586,0.0009857550030574203,0.0016860393807291985,0.010468095541000366,0.010582201182842255,-0.018550308421254158,0.0009909773943945765,0.0009014703100547194,0.051099520176649094,0.6630810499191284,0.8888888955116272
57,eval,,0.024589527398347855,0.003115351777523756,0.15343457460403442,0.9375,0.953125,0.90625,0.0,0.9434491395950317,0.9838072657585144,0.9099164009094238,,,0.1911061704158783,0.2230832874774933,-0.007000365760177374,0.10009494423866272,0.1054597720503807,0.008225984871387482,0.05526824668049812,0.06807716190814972,0.013616393320262432,0.2685544788837433,0.2785532772541046,0.008118458092212677,0.0016282995929941535,0.0009857550030574203,0.006465179845690727,0.010579385794699192,0.010582201182842255,-0.023934686556458473,0.0008993222145363688,0.0009014703100547194,-0.001352386549115181,0.6981833577156067,0.8888888955116272
58,eval,,0.02418949455022812,0.0028971824795007706,0.1519433557987213,0.9375,0.953125,0.90625,0.0,0.9443938732147217,0.9848993420600891,0.9111952781677246,,,0.19212912023067474,0.2230832874774933,-0.0035129692405462265,0.10035260766744614,0.1054597720503807,-0.0011390227591618896,0.056847233325242996,0.06807716190814972,-0.008742769248783588,0.27149465680122375,0.2785532772541046,0.0036707718390971422,0.0015372190391644835,0.0009857550030574203,0.004105768632143736,0.010474616661667824,0.010582201182842255,0.0151384137570858,0.0009168345131911337,0.0009014703100547194,0.012524995021522045,0.6867931485176086,0.8888888955116272
62,eval,,0.023755040019750595,0.0032557272352278233,0.14675091207027435,0.9375,0.953125,0.90625,0.0,0.9452926516532898,0.9832637310028076,0.9139684438705444,,,0.19817152619361877,0.2230832874774933,0.0035690388176590204,0.09993311017751694,0.1054597720503807,-0.031064482405781746,0.06218660995364189,0.06807716190814972,-0.0443992055952549,0.2804068326950073,0.2785532772541046,0.01300329715013504,0.0011667985236272216,0.0009857550030574203,0.025697916746139526,0.010053644888103008,0.010582201182842255,0.01721074990928173,0.0009071380482055247,0.0009014703100547194,-0.008642851375043392,0.712480366230011,0.8888888955116272
66,eval,,0.022900456562638283,0.002726522274315357,0.14394405484199524,0.9375,0.953125,0.90625,0.0,0.9473180770874023,0.9859607219696045,0.9179494380950928,,,0.19778910279273987,0.2230832874774933,0.019087698310613632,0.09833431243896484,0.1054597720503807,-0.024001413956284523,0.06007809937000275,0.06807716190814972,-0.014762002043426037,0.28002962470054626,0.2785532772541046,-0.025345319882035255,0.0009695726330392063,0.0009857550030574203,-0.0056236498057842255,0.010354981757700443,0.010582201182842255,0.018831616267561913,0.0011486610164865851,0.0009014703100547194,0.05084995552897453,0.6840043663978577,0.8888888955116272
68,eval,,0.02217819355428219,0.0027877686079591513,0.1385207623243332,0.9375,0.953125,0.90625,0.0,0.9490483999252319,0.9860206842422485,0.918907880783081,,,0.2053808867931366,0.2230832874774933,-0.0054654465056955814,0.09947393834590912,0.1054597720503807,0.004442207515239716,0.062154579907655716,0.06807716190814972,-0.0213612113147974,0.29942256212234497,0.2785532772541046,0.033140990883111954,0.0006843159790150821,0.0009857550030574203,0.022562354803085327,0.010681805200874805,0.010582201182842255,-0.019618073478341103,0.0008300261688418686,0.0009014703100547194,-0.014182426035404205,0.7523626685142517,0.8888888955116272
70,eval,,0.02194972150027752,0.002633407013490796,0.13784760236740112,0.9479166865348816,0.96875,0.90625,0.6666666666666666,0.9501202702522278,0.9862830638885498,0.922805666923523,,,0.18874891102313995,0.2230832874774933,0.004797924775630236,0.09722360223531723,0.1054597720503807,0.00038270201184786856,0.06209453195333481,0.06807716190814972,0.02701084315776825,0.2839415669441223,0.2785532772541046,-0.026327887549996376,0.0007362302858382463,0.0009857550030574203,-0.022198081016540527,0.010114013217389584,0.010582201182842255,0.02488107420504093,0.0009528129012323916,0.0009014703100547194,0.038615357130765915,0.6456984877586365,0.8888888955116272
71,eval,,0.02115226536989212,0.002259283559396863,0.13451015949249268,0.9375,0.953125,0.90625,0.0,0.951673686504364,0.9883870482444763,0.9233094453811646,,,0.19270437955856323,0.2230832874774933,0.00860875565558672,0.09754592925310135,0.1054597720503807,-0.005392276216298342,0.062400151044130325,0.06807716190814972,-0.007035369053483009,0.27662137150764465,0.2785532772541046,-0.013697282411158085,0.0007732846424914896,0.0009857550030574203,-0.015429012477397919,0.009900224395096302,0.010582201182842255,0.0004203450807835907,0.0009553289855830371,0.0009014703100547194,0.024934539571404457,0.6688001751899719,0.8888888955116272
75,eval,,0.020055385306477547,0.002132037654519081,0.1275954693555832,0.9375,0.953125,0.90625,0.0,0.9542335271835327,0.9890384078025818,0.9262983202934265,,,0.19414524734020233,0.2230832874774933,-0.004608555231243372,0.10057152062654495,0.1054597720503807,0.01009068638086319,0.06330931931734085,0.06807716190814972,0.012460723519325256,0.2833242416381836,0.2785532772541046,0.005179352592676878,0.0007789262454025447,0.0009857550030574203,0.0020942676346749067,0.01035265438258648,0.010582201182842255,0.0056998287327587605,0.0011571296490728855,0.0009014703100547194,-0.02232346497476101,0.7111896276473999,0.8888888955116272
77,eval,,0.01971091888844967,0.0021515567786991596,0.1250670701265335,0.9583333134651184,0.984375,0.90625,0.6666666666666666,0.9549470543861389,0.9889906048774719,0.9291916489601135,,,0.1963779628276825,0.2230832874774933,0.015193384140729904,0.09917367249727249,0.1054597720503807,-0.007349101826548576,0.06511657685041428,0.06807716190814972,0.0004457639006432146,0.28807735443115234,0.2785532772541046,-0.016280928626656532,0.0007912535220384598,0.0009857550030574203,-0.011423175223171711,0.009878326207399368,0.010582201182842255,-0.006308322306722403,0.0011593716917559505,0.0009014703100547194,0.02970314957201481,0.6781756281852722,0.8888888955116272
78,eval,,0.019307708367705345,0.0021713529713451862,0.12212583422660828,0.9375,0.953125,0.90625,0.0,0.9558397531509399,0.988704264163971,0.9294381737709045,,,0.1987200379371643,0.2230832874774933,0.009636235423386097,0.09757621586322784,0.1054597720503807,0.00797222275286913,0.06481944769620895,0.06807716190814972,0.012151050381362438,0.2824918031692505,0.2785532772541046,-0.019924307242035866,0.0006991922855377197,0.0009857550030574203,-0.015936454758048058,0.009769302792847157,0.010582201182842255,0.009755362756550312,0.0010412976844236255,0.0009014703100547194,0.01559425238519907,0.717187225818634,0.8888888955116272
79,eval,,0.019193211570382118,0.002099795499816537,0.12175370007753372,0.9375,0.953125,0.90625,0.0,0.9560763239860535,0.9891720414161682,0.929860532283783,,,0.19961749017238617,0.2230832874774933,-0.009826063178479671,0.09731991589069366,0.1054597720503807,0.01166567299515009,0.06419331580400467,0.06807716190814972,-0.012636140920221806,0.28084301948547363,0.2785532772541046,0.016288043931126595,0.0005678613088093698,0.0009857550030574203,0.01328999176621437,0.010011805221438408,0.010582201182842255,0.00465274415910244,0.0008647202048450708,0.0009014703100547194,-0.03636620566248894,0.750145673751831,0.8888888955116272
81,eval,,0.01848534308373928,0.002003493718802929,0.11737643927335739,0.9479166865348816,0.96875,0.90625,0.6666666666666666,0.9577298760414124,0.9895848631858826,0.9320160150527954,,,0.20176884531974792,0.2230832874774933,0.011275739409029484,0.09747648984193802,0.1054597720503807,-0.0023096895311027765,0.06340493261814117,0.06807716190814972,0.01474256906658411,0.2792322039604187,0.2785532772541046,-0.012169807218015194,0.0006077433936297894,0.0009857550030574203,-0.006631612777709961,0.010100789368152618,0.010582201182842255,0.0018965508788824081,0.0008722631027922034,0.0009014703100547194,0.019786231219768524,0.7455542683601379,0.8888888955116272
82,eval,,0.01821010373532772,0.001972772879526019,0.11563410609960556,0.9583333134651184,0.984375,0.90625,0.6666666666666666,0.9583812952041626,0.9897441267967224,0.9333226084709167,,,0.20065338909626007,0.2230832874774933,0.017953095957636833,0.0985507071018219,0.1054597720503807,-0.007944206707179546,0.06397668272256851,0.06807716190814972,0.0014607674675062299,0.28134265542030334,0.2785532772541046,-0.009045553393661976,0.0006534804706461728,0.0009857550030574203,-0.005357276648283005,0.010134797543287277,0.010582201182842255,0.0014830267755314708,0.0008975636446848512,0.0009014703100547194,0.017700036987662315,0.7273208498954773,0.8888888955116272
84,eval,,0.018150795251131058,0.0019543010275810957,0.11532974988222122,0.9375,0.953125,0.90625,0.0,0.9595513939857483,0.9899047613143921,0.93623948097229,,,0.1863509565591812,0.2230832874774933,-0.009434438310563564,0.10050772875547409,0.1054597720503807,0.010847628116607666,0.06478434801101685,0.06807716190814972,0.009928015992045403,0.27611884474754333,0.2785532772541046,0.004506722558289766,0.0006921513704583049,0.0009857550030574203,0.005626703146845102,0.010231289081275463,0.010582201182842255,0.0005579008138738573,0.0009343571728095412,0.0009014703100547194,-0.038492601364851,0.6700872182846069,0.8888888955116272
85,eval,,0.017983216792345047,0.0019383360631763935,0.1142524853348732,0.9583333134651184,0.984375,0.90625,0.6666666666666666,0.9595850110054016,0.9900302290916443,0.9370869398117065,,,0.19183318316936493,0.2230832874774933,0.009130981750786304,0.1007096916437149,0.1054597720503807,-0.0036542771849781275,0.0642017349600792,0.06807716190814972,0.0033779677469283342,0.27614814043045044,0.2785532772541046,0.004483814816921949,0.0007822567713446915,0.0009857550030574203,0.006860331166535616,0.01014719158411026,0.010582201182842255,0.008482112549245358,0.0011010071029886603,0.0009014703100547194,0.03527981415390968,0.6643524765968323,0.8888888955116272
86,eval,,0.017841191962361336,0.002087926957756281,0.11236077547073364,0.9583333134651184,0.984375,0.90625,0.6666666666666666,0.9591993093490601,0.9896371960639954,0.9368645548820496,,,0.20792140066623688,0.2230832874774933,0.0017746792873367667,0.10169495642185211,0.1054597720503807,-0.024530252441763878,0.06504959613084793,0.06807716190814972,-0.025380907580256462,0.27936264872550964,0.2785532772541046,0.00012054705439368263,0.0008583934977650642,0.0009857550030574203,-0.0037327297031879425,0.009863980114459991,0.010582201182842255,-0.003983331378549337,0.0011293347924947739,0.0009014703100547194,0.05632223188877106,0.7415311336517334,0.8888888955116272
87,eval,,0.017077049240469933,0.0019642459228634834,0.10775388032197952,0.9583333134651184,0.984375,0.90625,0.6666666666666666,0.9610702991485596,0.9902350902557373,0.9375576376914978,,,0.20987187325954437,0.2230832874774933,-0.010532350279390812,0.10198581963777542,0.1054597720503807,-0.0022852898109704256,0.06609252840280533,0.06807716190814972,-0.007390729617327452,0.28570136427879333,0.2785532772541046,-0.005824678111821413,0.0008597602718509734,0.0009857550030574203,-0.013269975781440735,0.00982600636780262,0.010582201182842255,-0.012530547566711903,0.0010115362238138914,0.0009014703100547194,0.014513197354972363,0.7805352210998535,0.8888888955116272
88,eval,,0.016719596460461617,0.0019111237488687038,0.10557042807340622,0.9583333134651184,0.984375,0.90625,0.6666666666666666,0.9618122577667236,0.9902397990226746,0.9389104247093201,,,0.20472759008407593,0.2230832874774933,-0.006386307533830404,0.10175216197967529,0.1054597720503807,0.012219441123306751,0.06740766763687134,0.06807716190814972,-0.0024934548418968916,0.2897426187992096,0.2785532772541046,0.0048551675863564014,0.0008112454088404775,0.0009857550030574203,0.006620906759053469,0.009878729470074177,0.010582201182842255,0.0007022686768323183,0.0009558236924931407,0.0009014703100547194,-0.002328207017853856,0.7543289065361023,0.8888888955116272
90,eval,,0.01653936691582203,0.001844109152443707,0.1047109067440033,0.96875,1.0,0.90625,0.6666666666666666,0.9622759222984314,0.9905025362968445,0.9405361413955688,,,0.20210076868534088,0.2230832874774933,-0.0014285241486504674,0.0994952842593193,0.1054597720503807,-0.006148461252450943,0.0660756528377533,0.06807716190814972,0.003034190507605672,0.2793990671634674,0.2785532772541046,-0.011747117154300213,0.0008835712214931846,0.0009857550030574203,-0.010584690608084202,0.00972484890371561,0.010582201182842255,0.0007383289630524814,0.0008754081791266799,0.0009014703100547194,0.03345385193824768,0.7306678295135498,0.8888888955116272
92,eval,,0.01621222123503685,0.002078536432236433,0.10101432353258133,0.96875,1.0,0.90625,0.6666666666666666,0.9630231857299805,0.9892174601554871,0.9426052570343018,,,0.20652078092098236,0.2230832874774933,-0.001345300581306219,0.10064718872308731,0.1054597720503807,-0.016027890145778656,0.06486240774393082,0.06807716190814972,-0.02568332850933075,0.2755087912082672,0.2785532772541046,0.019950021058321,0.0008224184857681394,0.0009857550030574203,0.016459837555885315,0.010306169278919697,0.010582201182842255,-0.0008543594740331173,0.000927229761146009,0.0009014703100547194,0.03816443681716919,0.7524951100349426,0.8888888955116272
93,eval,,0.015872646123170853,0.0020296876318752766,0.09893039613962173,0.96875,1.0,0.90625,0.6666666666666666,0.9644128680229187,0.9896830320358276,0.9446348547935486,,,0.19472955167293549,0.2230832874774933,-0.00024767941795289516,0.10048864781856537,0.1054597720503807,0.009648782201111317,0.06423905491828918,0.06807716190814972,0.028986221179366112,0.2762554883956909,0.2785532772541046,-0.010499286465346813,0.0008339988999068737,0.0009857550030574203,-0.004752707201987505,0.010211598128080368,0.010582201182842255,0.014251668006181717,0.0009658765629865229,0.0009014703100547194,0.023210160434246063,0.7035039663314819,0.8888888955116272
94,eval,,0.015404698438942432,0.0017969796899706125,0.09705101698637009,0.9791666865348816,1.0,0.9375,1.0,0.9654624462127686,0.9906628131866455,0.9458813071250916,,,0.19369465112686157,0.2230832874774933,-0.0053841955959796906,0.10205496847629547,0.1054597720503807,0.00026601229910738766,0.06565996259450912,0.06807716190814972,0.0016888724640011787,0.28076207637786865,0.2785532772541046,-0.0013702852884307504,0.0008212949032895267,0.0009857550030574203,0.00032995626679621637,0.010046909563243389,0.010582201182842255,-0.0021461150608956814,0.0009564538486301899,0.0009014703100547194,-0.013868570327758789,0.6968350410461426,0.8888888955116272
95,eval,,0.015173201449215412,0.0019396146526560187,0.09457472711801529,0.96875,0.984375,0.9375,1.0,0.9654881954193115,0.990287184715271,0.9454882740974426,,,0.20803017914295197,0.2230832874774933,0.0035442542284727097,0.10523387789726257,0.1054597720503807,-0.01248499471694231,0.06756825745105743,0.06807716190814972,-0.01744738779962063,0.2864280343055725,0.2785532772541046,0.006765902508050203,0.0008504108409397304,0.0009857550030574203,0.0036990076769143343,0.00996155384927988,0.010582201182842255,-0.0157961193472147,0.0009430001955479383,0.0009014703100547194,-0.013020503334701061,0.7739060521125793,0.8888888955116272
98,eval,,0.014451351948082447,0.0017873807810246944,0.09043518453836441,0.9791666865348816,1.0,0.9375,1.0,0.9670968055725098,0.990732729434967,0.9483357071876526,,,0.2066042274236679,0.2230832874774933,-0.0053436108864843845,0.1026804968714714,0.1054597720503807,0.007533745374530554,0.06580819934606552,0.06807716190814972,0.007633467670530081,0.2849593162536621,0.2785532772541046,-0.007370090577751398,0.000892186420969665,0.0009857550030574203,-0.006140414625406265,0.010208502411842346,0.010582201182842255,0.00037687623989768326,0.0010477039031684399,0.0009014703100547194,0.022448455914855003,0.7616827487945557,0.8888888955116272
102,eval,,0.014071963727474213,0.0020614266395568848,0.08613518625497818,0.9895833134651184,1.0,0.96875,1.0,0.9681217074394226,0.9893676042556763,0.9514103531837463,,,0.2012234330177307,0.2230832874774933,-0.0052375164814293385,0.10227631032466888,0.1054597720503807,-0.013233285397291183,0.06439053267240524,0.06807716190814972,-0.029627405107021332,0.2792940139770508,0.2785532772541046,0.02597387135028839,0.0009002646547742188,0.0009857550030574203,0.013979260809719563,0.009874692186713219,0.010582201182842255,0.0011922107078135014,0.0009860151913017035,0.0009014703100547194,0.0037850886583328247,0.7295359373092651,0.8888888955116272
103,eval,,0.0139900092035532,0.0017493239138275385,0.08743412047624588,0.9895833134651184,1.0,0.96875,1.0,0.968376636505127,0.9909502863883972,0.9506306648254395,,,0.2180674821138382,0.2230832874774933,0.0028673745691776276,0.10440998524427414,0.1054597720503807,-0.005111193750053644,0.06596096605062485,0.06807716190814972,-0.0029004530515521765,0.2772587537765503,0.2785532772541046,-0.0034617988858371973,0.0009055501432158053,0.0009857550030574203,-0.006010428536683321,0.009715192019939423,0.010582201182842255,-0.001155552570708096,0.0009619900374673307,0.0009014703100547194,0.03967096656560898,0.8323968052864075,0.8888888955116272
105,eval,,0.01364463847130537,0.0020405827090144157,0.08326897025108337,1.0,1.0,1.0,1.0,0.9692891240119934,0.9897359013557434,0.9541511535644531,,,0.19885098934173584,0.2230832874774933,-0.01199647132307291,0.1057574450969696,0.1054597720503807,-0.0062188394367694855,0.0667063519358635,0.06807716190814972,-0.03161576762795448,0.2872573733329773,0.2785532772541046,0.013291900046169758,0.0006901878514327109,0.0009857550030574203,0.023560086265206337,0.010844169184565544,0.010582201182842255,0.001048106118105352,0.0009001241414807737,0.0009014703100547194,-0.0119229257106781,0.7065048813819885,0.8888888955116272
106,eval,,0.013168202713131905,0.0017517312662675977,0.08166702091693878,1.0,1.0,1.0,1.0,0.9704771041870117,0.9908912777900696,0.9543627500534058,,,0.1977999359369278,0.2230832874774933,0.002689298242330551,0.10267003625631332,0.1054597720503807,-0.002345887478441,0.06482701003551483,0.06807716190814972,0.012820351868867874,0.2822995185852051,0.2785532772541046,-0.003753291442990303,0.0007647179299965501,0.0009857550030574203,-0.00673062214627862,0.010814673267304897,0.010582201182842255,0.0016394754638895392,0.0009439628338441253,0.0009014703100547194,-0.01969444565474987,0.7311750650405884,0.8888888955116272
109,eval,,0.012736800126731396,0.0018621206982061267,0.07798487693071365,1.0,1.0,1.0,1.0,0.9712485074996948,0.9903604388237,0.9561143517494202,,,0.2027021050453186,0.2230832874774933,-0.015292312949895859,0.09995658695697784,0.1054597720503807,0.0009883169550448656,0.06523343920707703,0.06807716190814972,-0.015860432758927345,0.2849392294883728,0.2785532772541046,0.0016556186601519585,0.0008304743096232414,0.0009857550030574203,0.015640007331967354,0.010164007544517517,0.010582201182842255,0.00999464187771082,0.0010846907971426845,0.0009014703100547194,-0.029028428718447685,0.7613142132759094,0.8888888955116272
110,eval,,0.012542607262730598,0.0017145024612545967,0.07751122862100601,1.0,1.0,1.0,1.0,0.9715332984924316,0.9910871982574463,0.9564915299415588,,,0.20969365537166595,0.2230832874774933,0.0033177228178828955,0.09994565695524216,0.1054597720503807,0.004788622260093689,0.0650256872177124,0.06807716190814972,0.0020232179667800665,0.27495408058166504,0.2785532772541046,-0.012329679913818836,0.0009596862946636975,0.0009857550030574203,-0.009363487362861633,0.009934306144714355,0.010582201182842255,0.004957838449627161,0.0011003863764926791,0.0009014703100547194,0.03915399685502052,0.7816464900970459,0.8888888955116272
111,eval,,0.012180713005363941,0.001711254590190947,0.07499745488166809,1.0,1.0,1.0,1.0,0.9723376631736755,0.991155207157135,0.9572333097457886,,,0.20814652740955353,0.2230832874774933,0.007085929159075022,0.10166087001562119,0.1054597720503807,-0.0026481840759515762,0.06535645574331284,0.06807716190814972,-0.010897316038608551,0.27227160334587097,0.2785532772541046,0.005221599712967873,0.0009080147719942033,0.0009857550030574203,-0.005082504823803902,0.010389716364443302,0.010582201182842255,-0.01137928944081068,0.0010407514637336135,0.0009014703100547194,0.01411923486739397,0.7790444493293762,0.8888888955116272
113,eval,,0.012110121548175812,0.001796682015992701,0.07399075478315353,1.0,1.0,1.0,1.0,0.973032534122467,0.990659773349762,0.9595468640327454,,,0.19736753404140472,0.2230832874774933,-0.012083202600479126,0.1030399277806282,0.1054597720503807,-0.0013410652754828334,0.06583531200885773,0.06807716190814972,0.023066213354468346,0.287568598985672,0.2785532772541046,-0.008333937264978886,0.000922423554584384,0.0009857550030574203,-0.0008193240500986576,0.010538305155932903,0.010582201182842255,0.007132725324481726,0.0010104479733854532,0.0009014703100547194,0.00901083741337061,0.7156368494033813,0.8888888955116272
114,eval,,0.01192429382354021,0.0017133781220763922,0.07318979501724243,1.0,1.0,1.0,1.0,0.973115086555481,0.9912951588630676,0.95833820104599,,,0.21882668137550354,0.2230832874774933,0.005599279422312975,0.10601605474948883,0.1054597720503807,0.001345018856227398,0.06674418598413467,0.06807716190814972,-0.010685938410460949,0.2844906151294708,0.2785532772541046,0.009698445908725262,0.0009341557743027806,0.0009857550030574203,0.004336589947342873,0.010461493395268917,0.010582201182842255,-0.0003771802585106343,0.000993593828752637,0.0009014703100547194,0.02410041354596615,0.8332386612892151,0.8888888955116272
117,eval,,0.011823353357613087,0.0019578998908400536,0.07101606577634811,1.0,1.0,1.0,1.0,0.9734453558921814,0.9898295998573303,0.9601629972457886,,,0.20120586454868317,0.2230832874774933,0.0038352571427822113,0.10085838288068771,0.1054597720503807,0.014225813560187817,0.06568160653114319,0.06807716190814972,0.02536354959011078,0.2731507420539856,0.2785532772541046,0.005083929747343063,0.0008367803529836237,0.0009857550030574203,-0.014163198880851269,0.009569359011948109,0.010582201182842255,-0.02507215179502964,0.0008167098858393729,0.0009014703100547194,-0.02789998985826969,0.7682392597198486,0.8888888955116272
121,eval,,0.011036315001547337,0.0018468081252649426,0.06617336720228195,1.0,1.0,1.0,1.0,0.9750515222549438,0.990542471408844,0.9637051820755005,,,0.2065276950597763,0.2230832874774933,-0.0019657164812088013,0.10162832587957382,0.1054597720503807,0.0005937311216257513,0.06576881557703018,0.06807716190814972,-0.011354510672390461,0.28446242213249207,0.2785532772541046,0.01835273765027523,0.0009378821705467999,0.0009857550030574203,0.011248406954109669,0.011001650243997574,0.010582201182842255,-0.02727738954126835,0.0011200417065992951,0.0009014703100547194,0.028962543234229088,0.7466281056404114,0.8888888955116272
123,eval,,0.010725347325205803,0.0019256246741861105,0.06352367997169495,1.0,1.0,1.0,1.0,0.9757417440414429,0.9900143146514893,0.964325487613678,,,0.2091940939426422,0.2230832874774933,-0.0024009132757782936,0.09931919723749161,0.1054597720503807,-0.002039884217083454,0.06402371823787689,0.06807716190814972,0.021990230306982994,0.2778332829475403,0.2785532772541046,-0.01998789794743061,0.0010309367207810283,0.0009857550030574203,-0.017793424427509308,0.011164174415171146,0.010582201182842255,0.02205228991806507,0.001209093607030809,0.0009014703100547194,0.03044898249208927,0.7950761914253235,0.8888888955116272
127,eval,,0.010551245883107185,0.0017952033085748553,0.06308750063180923,1.0,1.0,1.0,1.0,0.976578414440155,0.9911261796951294,0.9652036428451538,,,0.21978642046451569,0.2230832874774933,0.01814180426299572,0.10742323100566864,0.1054597720503807,0.0014883107505738735,0.06742497533559799,0.06807716190814972,-0.013141126371920109,0.2794681191444397,0.2785532772541046,0.005897293332964182,0.0010187894804403186,0.0009857550030574203,0.017879126593470573,0.009864713065326214,0.010582201182842255,0.01206893939524889,0.0009537377627566457,0.0009014703100547194,0.047994207590818405,0.8279455900192261,0.8888888955116272
129,eval,,0.009824814274907112,0.0016695992089807987,0.05875609815120697,1.0,1.0,1.0,1.0,0.977996826171875,0.9916747212409973,0.9667133092880249,,,0.21059437096118927,0.2230832874774933,-0.011293083429336548,0.10036791861057281,0.1054597720503807,-0.004253264982253313,0.061118241399526596,0.06807716190814972,-0.0004658013058360666,0.27804437279701233,0.2785532772541046,-0.0058581153862178326,0.0010242883581668139,0.0009857550030574203,-0.019946396350860596,0.0098954439163208,0.010582201182842255,-0.006837638095021248,0.000873650424182415,0.0009014703100547194,-0.023626456037163734,0.8260564208030701,0.8888888955116272
133,eval,,0.009515897370874882,0.0016471394337713718,0.056728437542915344,1.0,1.0,1.0,1.0,0.9785762429237366,0.9915325045585632,0.9678122997283936,,,0.21958841383457184,0.2230832874774933,-0.004858821630477905,0.10732080042362213,0.1054597720503807,-0.008671432733535767,0.06618735194206238,0.06807716190814972,-0.0017088605090975761,0.2777497172355652,0.2785532772541046,0.009146103635430336,0.0009902968304231763,0.0009857550030574203,-0.009965270757675171,0.010229339823126793,0.010582201182842255,-0.007815881632268429,0.0009541859035380185,0.0009014703100547194,-0.006378615740686655,0.868839681148529,0.8888888955116272
141,eval,,0.009475406259298325,0.0015959632582962513,0.05675207078456879,1.0,1.0,1.0,1.0,0.9789314866065979,0.9918720126152039,0.9711948037147522,,,0.20306886732578278,0.2230832874774933,0.01305406168103218,0.10460053384304047,0.1054597720503807,0.012093783356249332,0.06543978303670883,0.06807716190814972,0.004935640841722488,0.27395203709602356,0.2785532772541046,0.011284410022199154,0.0010001359041780233,0.0009857550030574203,-0.003325617639347911,0.010408429428935051,0.010582201182842255,-0.005719917360693216,0.0007534114993177354,0.0009014703100547194,-0.07469875365495682,0.7906550168991089,0.8888888955116272
144,eval,,0.009257798083126545,0.0019198658410459757,0.0532853901386261,1.0,1.0,1.0,1.0,0.9792186617851257,0.9902611374855042,0.9719828367233276,,,0.20990309119224548,0.2230832874774933,-0.015674984082579613,0.10427472740411758,0.1054597720503807,0.009102290496230125,0.06610436737537384,0.06807716190814972,-0.03099772334098816,0.27965879440307617,0.2785532772541046,0.024171875789761543,0.0011668738443404436,0.0009857550030574203,0.02601127326488495,0.011298127472400665,0.010582201182842255,-0.0018205313244834542,0.0012221930082887411,0.0009014703100547194,0.04488246515393257,0.7567533254623413,0.8888888955116272
145,eval,,0.008387574926018715,0.0015565850771963596,0.04937351122498512,1.0,1.0,1.0,1.0,0.9813875555992126,0.992115318775177,0.9724981784820557,,,0.2054981142282486,0.2230832874774933,-0.012654711492359638,0.10030919313430786,0.1054597720503807,-0.01014020387083292,0.0625883936882019,0.06807716190814972,-0.01361584197729826,0.27296972274780273,0.2785532772541046,-0.0009159756009466946,0.0013001650804653764,0.0009857550030574203,0.0004167464794591069,0.01099324505776167,0.010582201182842255,0.00024887031759135425,0.0012001767754554749,0.0009014703100547194,-0.015898993238806725,0.7865388989448547,0.8888888955116272
152,eval,,0.008257255889475346,0.0015850677154958248,0.04829038307070732,1.0,1.0,1.0,1.0,0.9815953373908997,0.9918195605278015,0.9735687971115112,,,0.2048567831516266,0.2230832874774933,-0.022123821079730988,0.09858553111553192,0.1054597720503807,-0.0019341148436069489,0.06253992021083832,0.06807716190814972,-0.005478307604789734,0.27758586406707764,0.2785532772541046,0.0025047240778803825,0.0012281228555366397,0.0009857550030574203,-0.0031442539766430855,0.010523650795221329,0.010582201182842255,0.014376786537468433,0.0012130853720009327,0.0009014703100547194,0.0151647524908185,0.7686870694160461,0.8888888955116272
155,eval,,0.007917274720966816,0.0014429274015128613,0.0467633493244648,1.0,1.0,1.0,1.0,0.9822109937667847,0.9927147626876831,0.9747414588928223,,,0.20876754820346832,0.2230832874774933,0.013584274798631668,0.10157248377799988,0.1054597720503807,0.004610816016793251,0.06648987531661987,0.06807716190814972,0.011488568037748337,0.2754095196723938,0.2785532772541046,-0.004837434273213148,0.0012126967776566744,0.0009857550030574203,0.0010341255692765117,0.010516555048525333,0.010582201182842255,0.01269544381648302,0.0009622719953767955,0.0009014703100547194,-0.04822330176830292,0.8261814713478088,0.8888888955116272
160,eval,,0.007852649316191673,0.0014621965819969773,0.0461953729391098,1.0,1.0,1.0,1.0,0.9823271036148071,0.9925485253334045,0.9755858182907104,,,0.21140481531620026,0.2230832874774933,-0.010334732942283154,0.10120681673288345,0.1054597720503807,-0.00546635128557682,0.062269773334264755,0.06807716190814972,0.018346445634961128,0.2765483558177948,0.2785532772541046,-0.009791470132768154,0.0011512679047882557,0.0009857550030574203,-0.01831439882516861,0.010902952402830124,0.010582201182842255,0.00551264313980937,0.0010985134867951274,0.0009014703100547194,0.05113188549876213,0.7977948784828186,0.8888888955116272
162,eval,,0.007690449710935354,0.0017367808613926172,0.0434124581515789,1.0,1.0,1.0,1.0,0.9831085801124573,0.9915393590927124,0.9758066534996033,,,0.228063702583313,0.2230832874774933,-0.008534407243132591,0.10562850534915924,0.1054597720503807,-0.02415638417005539,0.06670470535755157,0.06807716190814972,-0.036186542361974716,0.2892831265926361,0.2785532772541046,0.014849384315311909,0.0010815027635544538,0.0009857550030574203,0.016668371856212616,0.011031553149223328,0.010582201182842255,-0.003924770746380091,0.001130110933445394,0.0009014703100547194,-0.0045659709721803665,0.9025488495826721,0.8888888955116272
165,eval,,0.0075209736824035645,0.0016288040205836296,0.042873989790678024,1.0,1.0,1.0,1.0,0.9830126166343689,0.9919630885124207,0.9764946699142456,,,0.21585802733898163,0.2230832874774933,-0.004976571071892977,0.10071749240159988,0.1054597720503807,-0.023816630244255066,0.06798630207777023,0.06807716190814972,-0.030121006071567535,0.2779887318611145,0.2785532772541046,0.02098231576383114,0.001241315621882677,0.0009857550030574203,0.003594813635572791,0.009538850747048855,0.010582201182842255,-0.016737477853894234,0.0009562609484419227,0.0009014703100547194,0.0338897667825222,0.8098666071891785,0.8888888955116272
167,eval,,0.006994129158556461,0.0014258717419579625,0.04040366783738136,1.0,1.0,1.0,1.0,0.984463632106781,0.9933940768241882,0.977084219455719,,,0.21308165788650513,0.2230832874774933,0.009192963130772114,0.10449650138616562,0.1054597720503807,0.016251148656010628,0.06673359125852585,0.06807716190814972,0.008063429035246372,0.27707383036613464,0.2785532772541046,0.008907138369977474,0.0011669829254969954,0.0009857550030574203,0.020061036571860313,0.01099990215152502,0.010582201182842255,0.011371680535376072,0.0008899990352801979,0.0009014703100547194,-0.002182385651394725,0.8280296921730042,0.8888888955116272
169,eval,,0.0069370511919260025,0.0015748868463560939,0.03911004588007927,1.0,1.0,1.0,1.0,0.9845048785209656,0.992568850517273,0.9778010249137878,,,0.2148546725511551,0.2230832874774933,-0.015790503472089767,0.10226615518331528,0.1054597720503807,-0.006771207321435213,0.061651505529880524,0.06807716190814972,0.014309012331068516,0.2757488787174225,0.2785532772541046,-0.02578018419444561,0.0012207188410684466,0.0009857550030574203,-0.029258670285344124,0.011368930339813232,0.010582201182842255,-0.005456885788589716,0.0009723284165374935,0.0009014703100547194,0.008142412640154362,0.8422381281852722,0.8888888955116272
170,eval,,0.006670426111668348,0.0012710974551737309,0.03906639292836189,1.0,1.0,1.0,1.0,0.9849644899368286,0.9934206008911133,0.9778244495391846,,,0.21815373003482819,0.2230832874774933,0.008989266119897366,0.10244374722242355,0.1054597720503807,-0.002958583412691951,0.06150689721107483,0.06807716190814972,-0.0082881273701787,0.27613365650177,0.2785532772541046,0.007286572363227606,0.001189820235595107,0.0009857550030574203,0.0073777311481535435,0.01104783732444048,0.010582201182842255,0.00029681739397346973,0.001013362081721425,0.0009014703100547194,0.008290297351777554,0.8561716675758362,0.8888888955116272
173,eval,,0.006419643759727478,0.0012345485156401992,0.037530217319726944,1.0,1.0,1.0,1.0,0.9855684041976929,0.9936522841453552,0.9789828062057495,,,0.21252194046974182,0.2230832874774933,0.004511390812695026,0.10445580631494522,0.1054597720503807,0.0020403750240802765,0.0693369060754776,0.06807716190814972,-0.0011432586470618844,0.2803637683391571,0.2785532772541046,0.006592229008674622,0.001182160573080182,0.0009857550030574203,-0.004030623938888311,0.009935424663126469,0.010582201182842255,-0.013042333535850048,0.0008769490523263812,0.0009014703100547194,-0.013363596983253956,0.8162899613380432,0.8888888955116272
177,eval,,0.006355246528983116,0.0012798071838915348,0.03680788353085518,1.0,1.0,1.0,1.0,0.9856687188148499,0.9934563636779785,0.9795647263526917,,,0.21434375643730164,0.2230832874774933,-0.004616715479642153,0.1010286957025528,0.1054597720503807,-0.01766573078930378,0.06457068026065826,0.06807716190814972,-0.014069673605263233,0.2760797142982483,0.2785532772541046,0.01184451300650835,0.0010130411246791482,0.0009857550030574203,0.006487263832241297,0.010731478221714497,0.010582201182842255,-0.008992760442197323,0.0009807932656258345,0.0009014703100547194,0.02313230186700821,0.820478618144989,0.8888888955116272
181,eval,,0.006282143760472536,0.0012549476232379675,0.036445315927267075,1.0,1.0,1.0,1.0,0.9859936237335205,0.99356609582901,0.9800578355789185,,,0.22160498797893524,0.2230832874774933,-0.01329417247325182,0.1028253585100174,0.1054597720503807,0.003528354689478874,0.06544099748134613,0.06807716190814972,0.004432694986462593,0.27773094177246094,0.2785532772541046,-0.019512491300702095,0.0013117666821926832,0.0009857550030574203,-0.008081584237515926,0.010244331322610378,0.010582201182842255,0.009133699350059032,0.0009326740400865674,0.0009014703100547194,-0.026290254667401314,0.9017308354377747,0.8888888955116272
182,eval,,0.006151833571493626,0.0011889846064150333,0.03592892363667488,1.0,1.0,1.0,1.0,0.986238420009613,0.9942037463188171,0.9805681109428406,,,0.21037818491458893,0.2230832874774933,0.014077977277338505,0.10268785059452057,0.1054597720503807,0.012441039085388184,0.06431370973587036,0.06807716190814972,0.003998562227934599,0.2789168953895569,0.2785532772541046,0.007936165668070316,0.0011161301517859101,0.0009857550030574203,0.007493201643228531,0.011163056828081608,0.010582201182842255,0.0041360193863511086,0.0007993384497240186,0.0009014703100547194,-0.03797758370637894,0.8242066502571106,0.8888888955116272
186,eval,,0.005900880321860313,0.001179529121145606,0.03422899171710014,1.0,1.0,1.0,1.0,0.9868221879005432,0.9940114617347717,0.9809902310371399,,,0.21062129735946655,0.2230832874774933,-0.0030436196830123663,0.10714536160230637,0.1054597720503807,0.014857393689453602,0.06967820972204208,0.06807716190814972,0.007429096847772598,0.2775043845176697,0.2785532772541046,-0.005924207624047995,0.0010647574672475457,0.0009857550030574203,0.0006572682759724557,0.010127658024430275,0.010582201182842255,0.014114315621554852,0.0009457281557843089,0.0009014703100547194,-0.007292944937944412,0.807111382484436,0.8888888955116272
190,eval,,0.005790976341813803,0.001228483859449625,0.033165931701660156,1.0,1.0,1.0,1.0,0.9870346188545227,0.9938097596168518,0.9812210202217102,,,0.22062073647975922,0.2230832874774933,-0.016434667631983757,0.09982477128505707,0.1054597720503807,-0.006481526885181665,0.06489628553390503,0.06807716190814972,-0.02538975328207016,0.28408876061439514,0.2785532772541046,0.00035008633858524263,0.0011541778221726418,0.0009857550030574203,0.007837645709514618,0.010581688955426216,0.010582201182842255,0.007142797112464905,0.0009506794740445912,0.0009014703100547194,-0.006286445539444685,0.8696011304855347,0.8888888955116272
196,eval,,0.005533452611416578,0.00132304010912776,0.030795924365520477,1.0,1.0,1.0,1.0,0.9875460267066956,0.9931778311729431,0.9825366139411926,,,0.21866144239902496,0.2230832874774933,0.014814700931310654,0.10814841091632843,0.1054597720503807,-0.016136636957526207,0.06263738125562668,0.06807716190814972,0.009035310707986355,0.2792639434337616,0.2785532772541046,-0.018706049770116806,0.0009790946496650577,0.0009857550030574203,0.004954357165843248,0.011635715141892433,0.010582201182842255,0.025068005546927452,0.0011272249976173043,0.0009014703100547194,0.003244071500375867,0.8641254901885986,0.8888888955116272
197,eval,,0.005450640805065632,0.0012093913974240422,0.030898137018084526,1.0,1.0,1.0,1.0,0.9877547025680542,0.9938960075378418,0.9827631711959839,,,0.21444448828697205,0.2230832874774933,-0.014361848123371601,0.10536599904298782,0.1054597720503807,-0.00744072487577796,0.06562331318855286,0.06807716190814972,0.016836710274219513,0.2837679982185364,0.2785532772541046,-0.001067325472831726,0.0011548676993697882,0.0009857550030574203,-0.021809047088027,0.01090212818235159,0.010582201182842255,-0.00712541164830327,0.000976625015027821,0.0009014703100547194,0.014373020268976688,0.8260729908943176,0.8888888955116272
202,eval,,0.005429948214441538,0.00120934983715415,0.030753538012504578,1.0,1.0,1.0,1.0,0.9877874255180359,0.9939525127410889,0.9836565852165222,,,0.21437110006809235,0.2230832874774933,-0.022391289472579956,0.10173644870519638,0.1054597720503807,-0.012948227114975452,0.06697157025337219,0.06807716190814972,0.02147366665303707,0.27971163392066956,0.2785532772541046,-0.002368728630244732,0.0010100096696987748,0.0009857550030574203,-0.013039459474384785,0.010928242467343807,0.010582201182842255,-0.0009060714510269463,0.0007234667427837849,0.0009014703100547194,0.039479997009038925,0.8244141936302185,0.8888888955116272
203,eval,,0.0053136758506298065,0.001158030703663826,0.03024754859507084,1.0,1.0,1.0,1.0,0.988355278968811,0.9946064949035645,0.9832134246826172,,,0.22459125518798828,0.2230832874774933,0.017744040116667747,0.10568614304065704,0.1054597720503807,0.010831210762262344,0.06503894180059433,0.06807716190814972,0.0024209062103182077,0.271930992603302,0.2785532772541046,0.0010255497181788087,0.0009004788007587194,0.0009857550030574203,0.01658158376812935,0.010793051682412624,0.010582201182842255,0.016810670495033264,0.0008435016497969627,0.0009014703100547194,0.0039003926794975996,0.9068275690078735,0.8888888955116272
205,eval,,0.005098233465105295,0.0011668156366795301,0.02868673950433731,1.0,1.0,1.0,1.0,0.9887307286262512,0.9945463538169861,0.9837778806686401,,,0.21896938979625702,0.2230832874774933,-0.015879206359386444,0.10067111253738403,0.1054597720503807,-0.003624931676313281,0.06264125555753708,0.06807716190814972,0.005757756531238556,0.2802359461784363,0.2785532772541046,-0.011567515321075916,0.001199547084979713,0.0009857550030574203,-0.019276145845651627,0.009714338928461075,0.010582201182842255,-0.01857786439359188,0.0010828712256625295,0.0009014703100547194,-0.006031436379998922,0.8727627992630005,0.8888888955116272
209,eval,,0.004850616678595543,0.0010269498452544212,0.027792619541287422,1.0,1.0,1.0,1.0,0.9891099333763123,0.9946735501289368,0.9844337105751038,,,0.22202520072460175,0.2230832874774933,0.005855908151715994,0.10360768437385559,0.1054597720503807,0.002254155231639743,0.06533771008253098,0.06807716190814972,-0.007880114018917084,0.26975294947624207,0.2785532772541046,0.008585198782384396,0.0012510220985859632,0.0009857550030574203,0.00011225036723772064,0.01062130369246006,0.010582201182842255,-0.015333604998886585,0.0008405530825257301,0.0009014703100547194,0.01640941947698593,0.8764973878860474,0.8888888955116272
211,eval,,0.004774029366672039,0.001026327139697969,0.02726024203002453,1.0,1.0,1.0,1.0,0.9893747568130493,0.9946743249893188,0.984968900680542,,,0.21144694089889526,0.2230832874774933,-0.011134710162878036,0.10416363924741745,0.1054597720503807,-0.0022221782710403204,0.06757132709026337,0.06807716190814972,0.007005014922469854,0.28248271346092224,0.2785532772541046,-0.00047350689419545233,0.0009656468755565584,0.0009857550030574203,0.002584199421107769,0.010828458704054356,0.010582201182842255,0.00943897943943739,0.0007264206651598215,0.0009014703100547194,-0.016924908384680748,0.8233032822608948,0.8888888955116272
214,eval,,0.004687127657234669,0.001055730739608407,0.026475509628653526,1.0,1.0,1.0,1.0,0.9895359873771667,0.9945592284202576,0.9852646589279175,,,0.22239434719085693,0.2230832874774933,0.008396903984248638,0.10203297436237335,0.1054597720503807,0.00182785140350461,0.06650011241436005,0.06807716190814972,-0.0010689571499824524,0.2797533869743347,0.2785532772541046,-0.010856215842068195,0.0013470129342749715,0.0009857550030574203,0.004157611634582281,0.01048118807375431,0.010582201182842255,0.011602289043366909,0.0011358937481418252,0.0009014703100547194,0.02097076177597046,0.8735508918762207,0.8888888955116272
216,eval,,0.004624734167009592,0.000961853307671845,0.026602016761898994,1.0,1.0,1.0,1.0,0.989706814289093,0.9950391054153442,0.9853222370147705,,,0.21196754276752472,0.2230832874774933,-0.008269702084362507,0.10435932874679565,0.1054597720503807,0.0016451813280582428,0.06505883485078812,0.06807716190814972,0.00373479095287621,0.2810852527618408,0.2785532772541046,-0.00016395945567637682,0.0011603833409026265,0.0009857550030574203,-0.00910366140305996,0.011533924378454685,0.010582201182842255,-0.0025522264186292887,0.0008863044204190373,0.0009014703100547194,-0.002633302239701152,0.8147749304771423,0.8888888955116272
222,eval,,0.004443547688424587,0.0009673887398093939,0.02530050091445446,1.0,1.0,1.0,1.0,0.9902822375297546,0.9952847361564636,0.9864546656608582,,,0.20956312119960785,0.2230832874774933,-0.011526033282279968,0.10107152163982391,0.1054597720503807,-0.011297035031020641,0.06671252846717834,0.06807716190814972,-0.008308949880301952,0.27437230944633484,0.2785532772541046,-0.008733096532523632,0.001131549128331244,0.0009857550030574203,-0.0032826855313032866,0.010788150131702423,0.010582201182842255,-0.0016937688924372196,0.0010029367404058576,0.0009014703100547194,0.006557348649948835,0.7982228994369507,0.8888888955116272
232,eval,,0.0042464956641197205,0.0010076250182464719,0.023679718375205994,1.0,1.0,1.0,1.0,0.990567684173584,0.9948516488075256,0.9871619939804077,,,0.2196163386106491,0.2230832874774933,0.0031638566870242357,0.10679921507835388,0.1054597720503807,-0.009251092560589314,0.0674075335264206,0.06807716190814972,-0.013157720677554607,0.2722172141075134,0.2785532772541046,0.0013646070146933198,0.0011252646800130606,0.0009857550030574203,0.0035865530371665955,0.010710254311561584,0.010582201182842255,-0.007879188284277916,0.0008614683756604791,0.0009014703100547194,-0.03086506389081478,0.8794685006141663,0.8888888955116272
236,eval,,0.0042393882758915424,0.001047719269990921,0.023389404639601707,1.0,1.0,1.0,1.0,0.9905186891555786,0.9945884346961975,0.9872614741325378,,,0.22155168652534485,0.2230832874774933,0.012230855412781239,0.09998168796300888,0.1054597720503807,-0.006417321041226387,0.06434327363967896,0.06807716190814972,0.016147658228874207,0.27830570936203003,0.2785532772541046,-0.014563641510903835,0.0009178300970233977,0.0009857550030574203,-0.01586148701608181,0.011808257550001144,0.010582201182842255,-0.0009126674849539995,0.0007556904456578195,0.0009014703100547194,-0.022710321471095085,0.9026404619216919,0.8888888955116272
237,eval,,0.004099749494343996,0.0011001521488651633,0.022097332403063774,1.0,1.0,1.0,1.0,0.9908106923103333,0.9948087334632874,0.9879739880561829,,,0.2203952670097351,0.2230832874774933,0.03073209337890148,0.10565641522407532,0.1054597720503807,0.011644762009382248,0.06672243028879166,0.06807716190814972,0.011629123240709305,0.2776337265968323,0.2785532772541046,0.00345639162696898,0.0009500664309598505,0.0009857550030574203,-0.0016896598972380161,0.011643447913229465,0.010582201182842255,0.0005239409510977566,0.0008308255928568542,0.0009014703100547194,-0.027924343943595886,0.8828880786895752,0.8888888955116272
240,eval,,0.00407705781981349,0.0010321810841560364,0.022346315905451775,1.0,1.0,1.0,1.0,0.9909393191337585,0.9946600198745728,0.9882134795188904,,,0.22492675483226776,0.2230832874774933,-8.190206244762521e-06,0.10195285826921463,0.1054597720503807,-0.009788098745048046,0.0632050633430481,0.06807716190814972,-0.014867313206195831,0.2746705412864685,0.2785532772541046,0.020395252853631973,0.0010205552680417895,0.0009857550030574203,0.006128288805484772,0.010160399600863457,0.010582201182842255,-0.013621460646390915,0.0010539623908698559,0.0009014703100547194,0.03795833885669708,0.8842971920967102,0.8888888955116272
241,eval,,0.003828776068985462,0.0009461053414270282,0.021124795079231262,1.0,1.0,1.0,1.0,0.9913831949234009,0.99515300989151,0.9881289601325989,,,0.2198239117860794,0.2230832874774933,0.0012975853169336915,0.10149708390235901,0.1054597720503807,-0.01171040441840887,0.06344322860240936,0.06807716190814972,-0.0078092776238918304,0.27227410674095154,0.2785532772541046,-0.0037145335227251053,0.0009652022854425013,0.0009857550030574203,-0.00469179917126894,0.010964070446789265,0.010582201182842255,0.010213642381131649,0.0009300984092988074,0.0009014703100547194,0.011936292052268982,0.8714694380760193,0.8888888955116272
248,eval,,0.0034739156253635883,0.000954063085373491,0.01859302818775177,1.0,1.0,1.0,1.0,0.9922981858253479,0.9952024817466736,0.9898651242256165,,,0.21491821110248566,0.2230832874774933,0.0028541728388518095,0.10441642254590988,0.1054597720503807,-0.011124908924102783,0.06911753118038177,0.06807716190814972,-0.01465480774641037,0.28055793046951294,0.2785532772541046,-0.004611808806657791,0.0010182565310969949,0.0009857550030574203,-0.0003347698366269469,0.01150822825729847,0.010582201182842255,0.003154108999297023,0.0009324090206064284,0.0009014703100547194,-0.010209751315414906,0.8272547125816345,0.8888888955116272
253,eval,,0.0033795926719903946,0.0009473963873460889,0.01797276921570301,1.0,1.0,1.0,1.0,0.9924883842468262,0.9953862428665161,0.9899270534515381,,,0.21885257959365845,0.2230832874774933,0.01806650124490261,0.10760381817817688,0.1054597720503807,0.004079483915120363,0.06973332166671753,0.06807716190814972,0.015220758505165577,0.2841455340385437,0.2785532772541046,0.005279805511236191,0.0009058087598532438,0.0009857550030574203,-0.0013768788194283843,0.011308252811431885,0.010582201182842255,-0.0023546519223600626,0.0008036846993491054,0.0009014703100547194,0.005270874127745628,0.8501107692718506,0.8888888955116272
254,eval,,0.003270538058131933,0.0009483041940256953,0.017203938215970993,1.0,1.0,1.0,1.0,0.9926702976226807,0.995209276676178,0.9902880787849426,,,0.220792755484581,0.2230832874774933,-0.010540034621953964,0.10712923109531403,0.1054597720503807,-0.01871488243341446,0.06788673251867294,0.06807716190814972,-0.008725518360733986,0.28952908515930176,0.2785532772541046,0.007717492058873177,0.0010268789483234286,0.0009857550030574203,-0.0002160507283406332,0.010836655274033546,0.010582201182842255,0.009486605413258076,0.0008885188144631684,0.0009014703100547194,-0.0023801345378160477,0.8641689419746399,0.8888888955116272
262,eval,,0.003199724480509758,0.0009468757780268788,0.016716815531253815,1.0,1.0,1.0,1.0,0.9928374290466309,0.9952631592750549,0.9907935261726379,,,0.22176988422870636,0.2230832874774933,-0.003856268711388111,0.10028408467769623,0.1054597720503807,-0.009801537729799747,0.06196822598576546,0.06807716190814972,9.40002137213014e-05,0.2676679193973541,0.2785532772541046,0.021485688164830208,0.0009817845420911908,0.0009857550030574203,0.003088135039433837,0.009910948574543,0.010582201182842255,-0.0029225770849734545,0.0008750941487960517,0.0009014703100547194,0.015619751065969467,0.8979141712188721,0.8888888955116272
265,eval,,0.003133538644760847,0.0009224404348060489,0.016400128602981567,1.0,1.0,1.0,1.0,0.992965042591095,0.9955157041549683,0.9913159608840942,,,0.2207929491996765,0.2230832874774933,-0.014155256561934948,0.1034783348441124,0.1054597720503807,-0.014814688824117184,0.06754788756370544,0.06807716190814972,-0.008392284624278545,0.28187859058380127,0.2785532772541046,0.003951037302613258,0.0010523156961426139,0.0009857550030574203,0.00433928519487381,0.011723866686224937,0.010582201182842255,-0.016446860507130623,0.0008583948947489262,0.0009014703100547194,0.029912486672401428,0.8519889116287231,0.8888888955116272
267,eval,,0.0030252716969698668,0.0008542638388462365,0.016051320359110832,1.0,1.0,1.0,1.0,0.9932554364204407,0.9956285357475281,0.9917591214179993,,,0.21628861129283905,0.2230832874774933,0.009407921694219112,0.10058500617742538,0.1054597720503807,0.007864643819630146,0.06507773697376251,0.06807716190814972,-0.00788473803550005,0.2641622722148895,0.2785532772541046,0.007212999742478132,0.0011048372834920883,0.0009857550030574203,0.00015212541620712727,0.010019507259130478,0.010582201182842255,-0.0003446546907071024,0.0009764494025148451,0.0009014703100547194,-0.038214877247810364,0.8760335445404053,0.8888888955116272
269,eval,,0.0029507207218557596,0.000932567345444113,0.015059638768434525,1.0,1.0,1.0,1.0,0.9933775067329407,0.9956603050231934,0.9921062588691711,,,0.22074216604232788,0.2230832874774933,0.02105039916932583,0.10902118682861328,0.1054597720503807,0.012522141449153423,0.06926258653402328,0.06807716190814972,0.01359579712152481,0.2857093811035156,0.2785532772541046,-0.008077523671090603,0.0008943721186369658,0.0009857550030574203,0.000943712133448571,0.010830123908817768,0.010582201182842255,0.008926115930080414,0.0007865926600061357,0.0009014703100547194,-0.032819490879774094,0.8788067698478699,0.8888888955116272
270,eval,,0.0028655491769313812,0.0008335916791111231,0.015057296492159367,1.0,1.0,1.0,1.0,0.9936311841011047,0.9957581162452698,0.9919923543930054,,,0.21752765774726868,0.2230832874774933,0.002689601853489876,0.10867492109537125,0.1054597720503807,-0.009579615667462349,0.06682908535003662,0.06807716190814972,-0.002647754503414035,0.28406578302383423,0.2785532772541046,0.014603669755160809,0.0009228806011378765,0.0009857550030574203,0.004089866299182177,0.0111131202429533,0.010582201182842255,0.0061126649379730225,0.0007629988831467927,0.0009014703100547194,0.01946169324219227,0.8333950638771057,0.8888888955116272
271,eval,,0.002848503878340125,0.0008617822313681245,0.014768832363188267,1.0,1.0,1.0,1.0,0.993701696395874,0.9957672953605652,0.9919844269752502,,,0.21714343130588531,0.2230832874774933,-0.008831311948597431,0.1009584292769432,0.1054597720503807,0.00023123125720303506,0.062205974012613297,0.06807716190814972,0.014091628603637218,0.27026206254959106,0.2785532772541046,-0.005791168659925461,0.0009995767613872886,0.0009857550030574203,-0.009071663953363895,0.010521681047976017,0.010582201182842255,-0.00933032762259245,0.0007609566091559827,0.0009014703100547194,-0.023303410038352013,0.8855044841766357,0.8888888955116272
272,eval,,0.0026587077882140875,0.0007814960554242134,0.013921978883445263,1.0,1.0,1.0,1.0,0.9940264225006104,0.9959719777107239,0.9921646118164062,,,0.22049494087696075,0.2230832874774933,-0.000701479148119688,0.09881358593702316,0.1054597720503807,0.00570927606895566,0.06277003139257431,0.06807716190814972,-0.008915144950151443,0.27175450325012207,0.2785532772541046,0.0004717054544016719,0.0010531035950407386,0.0009857550030574203,0.004336017183959484,0.01026848889887333,0.010582201182842255,-0.005186272785067558,0.0008501876727677882,0.0009014703100547194,-0.004032663535326719,0.8854026198387146,0.8888888955116272
274,eval,,0.002543768147006631,0.0008082834538072348,0.012956677936017513,1.0,1.0,1.0,1.0,0.9942996501922607,0.9958210587501526,0.9927254915237427,,,0.2220010757446289,0.2230832874774933,0.001398796564899385,0.10287192463874817,0.1054597720503807,-0.004962409380823374,0.06918840855360031,0.06807716190814972,0.012178619392216206,0.283526211977005,0.2785532772541046,-0.005136468913406134,0.0010463984217494726,0.0009857550030574203,-0.008906269446015358,0.010610044002532959,0.010582201182842255,-0.004382335115224123,0.0009133121930062771,0.0009014703100547194,-0.0063161700963974,0.8865074515342712,0.8888888955116272
278,eval,,0.0024294431786984205,0.0007885030936449766,0.012275082059204578,1.0,1.0,1.0,1.0,0.9945905804634094,0.9959490299224854,0.9931978583335876,,,0.21647895872592926,0.2230832874774933,0.013850905001163483,0.10327852517366409,0.1054597720503807,0.007867882959544659,0.06431669741868973,0.06807716190814972,0.004178214352577925,0.27466142177581787,0.2785532772541046,0.003276405157521367,0.0009560686303302646,0.0009857550030574203,-0.0033169619273394346,0.010752617381513119,0.010582201182842255,-0.009026016108691692,0.0009024082683026791,0.0009014703100547194,-0.006212139502167702,0.8515380024909973,0.8888888955116272
297,eval,,0.0022234669886529446,0.0008802093216218054,0.010283012874424458,1.0,1.0,1.0,1.0,0.9950547218322754,0.9956492185592651,0.9950850009918213,,,0.21646341681480408,0.2230832874774933,-0.0025682353880256414,0.10185082256793976,0.1054597720503807,-0.009609336964786053,0.06779657304286957,0.06807716190814972,0.008758778683841228,0.271222323179245,0.2785532772541046,0.00502175884321332,0.0011547463946044445,0.0009857550030574203,-0.008902688510715961,0.010365423746407032,0.010582201182842255,-0.02691139467060566,0.0008527441532351077,0.0009014703100547194,0.03179733082652092,0.8364994525909424,0.8888888955116272
299,eval,,0.0023324626963585615,0.0008861878886818886,0.011010113172233105,1.0,1.0,1.0,1.0,0.9948511123657227,0.9954550862312317,0.9948514699935913,,,0.22099736332893372,0.2230832874774933,-0.0225300882011652,0.10342217981815338,0.1054597720503807,-0.0014024690026417375,0.06674447655677795,0.06807716190814972,0.012689036317169666,0.2790524661540985,0.2785532772541046,-0.00791096966713667,0.0011675534769892693,0.0009857550030574203,0.002134735696017742,0.010268261656165123,0.010582201182842255,0.01913074590265751,0.000953718728851527,0.0009014703100547194,0.04273335635662079,0.8659893274307251,0.8888888955116272
